ID,Address,Rooms,Type,Price,Date,Bathroom,Car,Landsize,Age,Lattitude,Longtitude
ID617281164,2/63 Domain St,3,u,920000.0,13/05/2017,1.0,1.0,0.0,49.0,-37.836,144.9782
ID452715143,8/7 Passfield St,2,u,521500.0,3/09/2016,1.0,1.0,0.0,59.0,-37.768,144.9408
ID895713969,65 Napier St,3,h,1467000.0,7/11/2016,2.0,2.0,188.0,119.0,-37.7532,144.9178
ID721036868,3 Veronica St,3,h,1390000.0,7/05/2016,2.0,2.0,590.0,59.0,-37.9256,145.0757
ID916194179,24 Brooks St,4,h,1220000.0,4/06/2016,2.0,2.0,585.0,69.0,-37.9167,145.0771
ID141560534,8A Tangyes St,3,h,1210000.0,8/07/2017,2.0,1.0,330.0,7.0,-37.72623,144.94521
ID938172543,7/49 Bruce St,2,u,867000.0,8/04/2017,1.0,1.0,1087.0,16.0,-37.8373,145.0106
ID491390446,2/23 Foam St,2,u,582500.0,8/10/2016,1.0,1.0,0.0,49.0,-37.885,144.991
ID858832688,15 Winton Rd,4,t,1510000.0,20/05/2017,3.0,2.0,274.0,11.0,-37.87300000000001,145.0664
ID828357810,104 Weeden Dr,5,h,1300000.0,19/08/2017,2.0,2.0,786.0,49.0,-37.86072,145.18489
ID346911193,364 Kooyong Rd,4,h,1916000.0,28/05/2016,2.0,2.0,630.0,109.0,-37.8894,145.0145
ID193905068,31 Carrington Rd,2,h,1190000.0,19/11/2016,1.0,2.0,650.0,11.0,-37.7378,144.8893
ID627338933,4 Lee Ct,3,h,1000000.0,19/08/2017,1.0,1.0,715.0,44.0,-37.82707,145.22914
ID391074968,33 Eleanor St,4,h,2215000.0,10/09/2016,2.0,1.0,681.0,79.0,-37.8612,145.0858
ID170903687,2A Collins St,4,h,4050000.0,12/08/2017,4.0,4.0,508.0,8.0,-37.90904000000001,144.99868
ID414558307,1/27 Noordenne Av,1,u,312000.0,29/07/2017,1.0,0.0,0.0,49.0,-37.86007,144.84578
ID379910598,47A Madden St,3,h,755000.0,12/08/2017,2.0,2.0,0.0,9.0,-37.78966,144.87821
ID384616952,60 Rose St,3,h,947000.0,28/05/2016,1.0,2.0,996.0,9.0,-37.7564,144.9527
ID496035684,1 Irving Rd,4,h,400000.0,3/06/2017,2.0,2.0,643.0,12.0,-37.688340000000004,144.56803
ID456029173,15A Riversdale Av,3,h,825000.0,22/07/2017,2.0,1.0,355.0,29.0,-38.07196,145.13036
ID539282731,11/201 Wellington Pde S,1,u,630000.0,25/02/2017,1.0,1.0,0.0,49.0,-37.8168,144.9787
ID725102091,20 Atkinson Cl,3,t,1525000.0,3/09/2017,2.0,2.0,150.0,49.0,-37.8567,144.99665
ID119650571,7B Hargreaves St,3,h,2725000.0,13/05/2017,2.0,1.0,0.0,119.0,-37.8007,144.9833
ID969227072,2/686 Inkerman Rd,2,u,575000.0,20/05/2017,1.0,1.0,0.0,49.0,-37.8692,145.0233
ID146405615,54 Kent St,3,h,1350000.0,23/09/2017,2.0,1.0,275.0,27.0,-37.80442,145.04085
ID958257195,150 Page St,3,h,1750000.0,27/05/2017,2.0,0.0,138.0,134.0,-37.84962,144.95856
ID341194770,3/1 Edinburgh St,3,u,810000.0,15/10/2016,1.0,1.0,195.0,59.0,-37.9396,145.0156
ID358171769,2/618 Sydney Rd,3,t,600000.0,25/02/2017,1.0,1.0,102.0,43.0,-37.736,144.9665
ID610360217,1 Tudor St,3,h,820000.0,10/12/2016,2.0,4.0,805.0,69.0,-37.708,144.9211
ID513106542,2/17 Bulla Rd,2,u,396000.0,3/09/2016,1.0,1.0,0.0,44.0,-37.7428,144.9086
ID541332521,14 New St,3,h,1300000.0,18/06/2016,1.0,2.0,212.0,119.0,-37.8542,145.0149
ID399605555,13 Wood St,4,h,1910000.0,18/06/2016,2.0,4.0,736.0,69.0,-37.9224,145.0462
ID306552689,97 Haldane Rd,3,t,770000.0,7/05/2016,2.0,1.0,313.0,8.0,-37.7335,144.8788
ID750985232,16 York St,3,h,722000.0,28/08/2016,1.0,3.0,781.0,69.0,-37.7048,144.9097
ID485079780,3/124 Canterbury Rd,2,u,685000.0,27/11/2016,1.0,1.0,122.0,24.0,-37.8236,145.0729
ID857324604,9/823 Rathdowne St,1,u,468000.0,11/03/2017,1.0,1.0,861.0,49.0,-37.7851,144.9723
ID866433680,1211/50 Albert Rd,2,u,530000.0,3/06/2017,1.0,1.0,1646.0,7.0,-37.83406,144.97131000000005
ID777269209,20 Walter St,4,h,1715000.0,17/06/2017,1.0,2.0,758.0,39.0,-37.86924000000001,145.16471
ID887562038,61 Union St,4,h,3660000.0,25/02/2017,3.0,2.0,421.0,99.0,-37.8593,145.0275
ID554816890,8 Vickery St,5,h,1900000.0,24/06/2017,1.0,2.0,644.0,59.0,-37.91753,145.03907
ID975414347,25 Gray St,4,h,1755000.0,28/08/2016,2.0,1.0,354.0,109.0,-37.7745,144.9523
ID581657736,81 Marlborough St,3,h,1430000.0,27/05/2017,2.0,2.0,614.0,69.0,-37.91068,145.06802
ID858488564,84 MacPherson St,3,h,1320000.0,19/08/2017,2.0,0.0,495.0,104.0,-37.796,144.88966000000005
ID813395146,16/116 Arthurton Rd,2,u,418000.0,7/05/2016,1.0,1.0,1882.0,8.0,-37.768,144.9895
ID755736089,8/66 Riddell Pde,2,u,577000.0,28/05/2016,1.0,0.0,0.0,129.0,-37.8889,145.0043
ID505133136,3/18 Furzer St,3,u,605000.0,26/07/2016,1.0,2.0,192.0,7.0,-37.7277,144.9851
ID606818604,22 Stanley St,4,h,1770000.0,23/09/2017,2.0,3.0,461.0,89.0,-37.76296,144.97239
ID607471455,5 Charles St,4,h,705000.0,25/02/2017,2.0,1.0,570.0,79.0,-37.7749,144.8329
ID700886559,38 Stanhope St,3,h,632000.0,12/08/2017,1.0,4.0,697.0,59.0,-37.68557,144.93156000000005
ID411840617,1/5 Thistle St,1,h,350000.0,22/04/2017,1.0,1.0,46.0,49.0,-37.7515,144.9125
ID451754443,2 Sanicki Ct,3,t,670000.0,27/11/2016,1.0,2.0,233.0,59.0,-37.9376,145.0784
ID840322483,567 Grimshaw St,3,h,1234000.0,19/08/2017,1.0,2.0,896.0,54.0,-37.70042,145.0614
ID510648692,22 Milliara Gr,8,h,1880000.0,13/05/2017,3.0,3.0,614.0,94.0,-37.9097,145.0161
ID838265999,196 Blyth St,5,h,1480000.0,13/05/2017,3.0,4.0,725.0,39.0,-37.8712,144.8107
ID294835206,8 Centenary Cr,3,h,383000.0,22/07/2017,1.0,2.0,548.0,59.0,-37.8889,144.65743999999995
ID631739712,13 Crawley St,4,h,1015000.0,8/10/2016,1.0,1.0,518.0,99.0,-37.726,145.0044
ID572340964,48 Thomas St,2,h,1000000.0,10/09/2016,1.0,2.0,564.0,71.0,-37.9143,145.0238
ID384280028,19 Glassford St,3,h,2365000.0,18/06/2016,2.0,1.0,316.0,53.0,-37.8521,145.019
ID725035685,6/105 Cochrane St,2,u,845000.0,29/07/2017,1.0,1.0,100.0,59.0,-37.89569,144.99881000000005
ID665034538,3 Mantaura Av,4,h,704000.0,15/07/2017,2.0,2.0,644.0,29.0,-37.71128,144.80686
ID886878881,6 Sanderson St,2,h,890000.0,3/09/2016,1.0,2.0,471.0,69.0,-37.8149,144.8707
ID549540545,8/2 Pottery Ct,3,t,641000.0,14/05/2016,2.0,1.0,0.0,119.0,-37.7703,144.9533
ID579417244,3 Bruthen St,3,h,1175000.0,1/07/2017,2.0,6.0,650.0,125.0,-37.9379,145.05456
ID394929712,3/8 Ashted Rd,2,u,636000.0,19/11/2016,1.0,1.0,151.0,49.0,-37.8234,145.1235
ID263320723,2/13 Spencer St,2,h,844000.0,16/04/2016,1.0,1.0,174.0,24.0,-37.7642,144.9963
ID666364207,3/30 Tanner St,2,u,575500.0,29/07/2017,1.0,1.0,0.0,19.0,-37.82328,144.99203
ID904333647,6/138 New St,1,u,375000.0,15/10/2016,1.0,1.0,0.0,54.0,-37.9181,144.993
ID563549381,1/271 Williams Rd,2,u,660000.0,27/06/2016,1.0,1.0,0.0,54.0,-37.8414,145.0043
ID475937924,29 Neville St,3,h,1002500.0,26/08/2017,1.0,2.0,560.0,44.0,-37.97738,145.07168000000001
ID530761047,20 Warner St,2,h,890000.0,16/04/2016,1.0,1.0,649.0,69.0,-37.7445,144.9133
ID535180571,2/32 Kitchener Gr,3,u,798000.0,15/10/2016,2.0,2.0,212.0,14.0,-37.7359,145.0147
ID642319947,71 Cecil St,4,h,2200000.0,7/05/2016,1.0,2.0,735.0,34.0,-37.8028,145.0534
ID629708316,27 McMahon Cr,3,h,350000.0,26/08/2017,1.0,1.0,466.0,16.0,-37.86744,144.65608999999995
ID649322538,1/33 Oconnor St,2,t,672000.0,29/07/2017,1.0,1.0,243.0,7.0,-37.71045,145.0018
ID505960560,4 James St,3,h,1097000.0,13/05/2017,1.0,1.0,372.0,79.0,-37.7634,144.9434
ID550355761,5 Black St,3,h,1700000.0,18/06/2016,2.0,1.0,0.0,74.0,-37.7763,144.9597
ID424320625,695 Heatherton Rd,3,h,1250500.0,9/09/2017,1.0,2.0,1226.0,69.0,-37.95988,145.13279
ID461063454,13/54 Studley Park Rd,2,u,820000.0,6/08/2016,1.0,2.0,0.0,34.0,-37.8066,145.0211
ID394562484,11/62 Edgar St N,2,u,501000.0,8/07/2017,1.0,1.0,2015.0,59.0,-37.85019000000001,145.0465
ID729919156,4 Tyrone Ct,4,h,1194700.0,19/08/2017,2.0,2.0,875.0,83.0,-37.92048,145.18258
ID731869155,10 Tuppen St,5,h,1287000.0,27/11/2016,2.0,2.0,488.0,89.0,-37.8131,144.8778
ID339157834,14 Everard Rd,2,h,937000.0,26/08/2017,2.0,2.0,736.0,59.0,-37.80401,145.25225
ID332208744,50 Peel St,3,h,1195000.0,12/08/2017,2.0,2.0,358.0,2.0,-37.845859999999995,144.88948
ID656240723,1/26 Thorpe St,3,h,826000.0,3/09/2016,1.0,2.0,281.0,62.0,-37.8457,144.8651
ID597862518,109 Thomas St,5,h,1400000.0,4/06/2016,3.0,4.0,824.0,89.0,-37.9091,145.0245
ID227346411,9/46 Darling St,2,u,625000.0,10/12/2016,1.0,1.0,1283.0,39.0,-37.8359,144.9921
ID576140890,11/39 Horne St,3,t,820000.0,12/11/2016,2.0,2.0,108.0,17.0,-37.8858,145.0012
ID248820707,182 Buckingham St,3,t,1255000.0,17/06/2017,2.0,1.0,124.0,11.0,-37.8147,145.00852
ID452512911,6 Kittyhawk St,4,h,773000.0,17/09/2016,3.0,4.0,531.0,39.0,-37.7263,144.8679
ID473890803,25 Fyfe St,2,t,575000.0,27/05/2017,2.0,1.0,151.0,4.0,-37.70426,145.01203999999996
ID834813196,288 Church St,3,h,1555000.0,25/02/2017,2.0,1.0,189.0,119.0,-37.82,144.9987
ID833137120,40 Carlton St,3,h,1662000.0,7/05/2016,1.0,0.0,118.0,25.0,-37.8009,144.9729
ID212599790,2/6 Murra Ct,2,u,700000.0,22/08/2016,1.0,2.0,192.0,12.0,-37.8709,145.102
ID604140711,2 Kershaw St,4,h,1320000.0,3/09/2017,2.0,5.0,600.0,69.0,-37.998059999999995,145.08829
ID436967620,6 Whernside Ct,4,h,710000.0,15/07/2017,1.0,2.0,666.0,34.0,-37.67626,145.0659
ID887222190,11 Margaret Gr,4,h,1900000.0,27/11/2016,2.0,2.0,556.0,89.0,-37.7844,145.0225
ID213060794,43 Talintyre Rd,3,h,530000.0,27/11/2016,1.0,1.0,623.0,49.0,-37.8004,144.8138
ID623669861,2 Kimber St,3,h,1285000.0,22/05/2016,2.0,1.0,123.0,59.0,-37.8267,145.0122
ID195076819,58 Draper St,4,h,1845000.0,15/10/2016,3.0,1.0,718.0,80.0,-37.9061,145.0509
ID357423923,3 Dunlop St,3,h,1555000.0,4/06/2016,2.0,2.0,731.0,84.0,-37.8666,145.0676
ID502305615,6 Everest Ct,3,h,596000.0,16/09/2017,1.0,2.0,570.0,79.0,-37.66422,144.99893
ID823149836,19 Golf Rd,2,h,700000.0,3/06/2017,1.0,1.0,303.0,39.0,-37.73285,144.97274
ID581801002,41 Witken Av,4,h,930000.0,29/07/2017,2.0,2.0,639.0,34.0,-37.8789,145.24262
ID734790163,169 Balcombe Rd,4,h,1700000.0,17/06/2017,2.0,2.0,731.0,39.0,-37.98035,145.05593000000005
ID312328907,4/30 Weir St,2,u,605000.0,4/06/2016,1.0,1.0,0.0,18.0,-37.8152,145.0843
ID654098935,21/62 Wattletree Rd,2,u,821000.0,12/08/2017,2.0,1.0,3093.0,13.0,-37.86165,145.02148
ID228944455,1/4 Hill St,2,u,665000.0,23/04/2016,1.0,3.0,0.0,54.0,-37.8183,145.0194
ID550730725,67 Belsize Av,3,h,1510000.0,16/09/2017,2.0,2.0,560.0,93.0,-37.893,145.05861000000004
ID393464549,1/21 Herbert St,2,u,730000.0,12/08/2017,1.0,1.0,292.0,19.0,-37.86528,145.11775
ID343267233,55 Booyan Cr,3,h,714000.0,12/08/2017,1.0,1.0,594.0,26.0,-37.69039,145.09753
ID283609677,61 Canterbury St,3,h,1012000.0,13/08/2016,1.0,1.0,212.0,89.0,-37.7818,144.9247
ID240690644,673 Canning St,3,h,1628000.0,27/05/2017,1.0,0.0,216.0,11.0,-37.78026,144.97554
ID978692710,36A Windsor Av,4,t,1655000.0,26/08/2017,2.0,2.0,361.0,90.0,-37.91406,145.04865
ID369726501,3 Crisp St,5,h,1652000.0,20/05/2017,2.0,1.0,697.0,99.0,-37.7459,144.9159
ID450022072,1/108 Surrey Rd,2,u,706000.0,15/07/2017,1.0,1.0,305.0,79.0,-37.809059999999995,145.15787
ID266993579,53 Gloucester Rd,2,h,1450000.0,8/04/2017,1.0,1.0,627.0,10.0,-37.8689,145.0882
ID292897224,41 Armstrong St,5,h,715000.0,28/08/2016,2.0,2.0,654.0,7.0,-37.7907,144.821
ID604696186,91 Rathmines Rd,4,h,2350000.0,22/08/2016,2.0,2.0,556.0,119.0,-37.8204,145.0516
ID851205713,131 Bradshaw St,3,h,1695000.0,18/03/2017,1.0,3.0,855.0,9.0,-37.7432,144.8947
ID924072676,20a Percy St,2,h,950000.0,3/09/2016,1.0,1.0,88.0,19.0,-37.8503,144.9913
ID974922708,8 Ipswich St,3,h,645000.0,3/09/2017,1.0,0.0,539.0,59.0,-37.74845,144.8144
ID541436986,3 Port St,3,h,1242000.0,12/08/2017,1.0,2.0,700.0,79.0,-37.95384,145.05443
ID808906544,18 Frankston St,2,h,644000.0,12/11/2016,1.0,2.0,455.0,79.0,-37.7246,144.9995
ID522317111,18 Katunga Cr,4,h,706000.0,29/07/2017,1.0,4.0,752.0,59.0,-37.67641,144.91435
ID464836686,1/21 Kayden St,2,u,601000.0,27/05/2017,1.0,1.0,1078.0,47.0,-37.95745,145.07218999999995
ID502505536,9/63 Stawell St,2,u,638000.0,16/04/2016,2.0,1.0,0.0,11.0,-37.821999999999996,145.0104
ID549860811,254 Thompsons Rd,4,h,1302000.0,22/04/2017,2.0,2.0,650.0,8.0,-37.7686,145.1023
ID190957556,11/22 Brenbeal St,2,t,760000.0,10/12/2016,1.0,1.0,121.0,59.0,-37.8112,145.0881
ID460271126,18 Malcolm Ct,3,h,1530000.0,17/06/2017,1.0,1.0,750.0,49.0,-37.877179999999996,145.11248
ID997149680,10 Mowbray St,4,h,3255000.0,17/06/2017,3.0,3.0,1116.0,35.0,-37.84283,145.05178
ID552265695,2/19 Thurloo St,4,t,881000.0,28/08/2016,2.0,1.0,188.0,5.0,-37.8781,145.0955
ID814618877,16 Thistle St,3,t,940000.0,8/10/2016,2.0,1.0,186.0,3.0,-37.7581,144.9514
ID119650571,7B Hargreaves St,3,h,2725000.0,13/05/2017,2.0,1.0,0.0,119.0,-37.8007,144.9833
ID731509896,26 Newton St,4,h,2060000.0,18/03/2017,2.0,2.0,745.0,44.0,-37.8299,145.1088
ID226066701,34 Martins La,3,h,870000.0,27/05/2017,2.0,2.0,291.0,19.0,-37.73253,145.0873
ID740289552,3811/80 Abeckett St,2,u,450000.0,7/11/2016,1.0,1.0,0.0,5.0,-37.8091,144.9609
ID169385566,81 Parramatta Rd,3,h,470000.0,16/09/2017,1.0,2.0,640.0,34.0,-37.88537,144.65337
ID292132961,56 Asling St,3,t,1990000.0,22/04/2017,2.0,2.0,0.0,84.0,-37.900999999999996,145.0026
ID680670690,49 Rogerson St,3,h,795000.0,28/05/2016,1.0,1.0,549.0,59.0,-37.7644,144.8575
ID703936258,115 Bignell Rd,2,h,1160000.0,30/07/2016,1.0,2.0,750.0,14.0,-37.9325,145.0694
ID464772481,2/62 Clydesdale Rd,2,u,530000.0,10/09/2016,1.0,1.0,120.0,7.0,-37.7234,144.8792
ID251212131,375 South Rd,5,h,1650000.0,26/08/2017,2.0,5.0,773.0,69.0,-37.93203,145.02844
ID818033189,38 Stewart St,3,h,1317000.0,28/05/2016,1.0,1.0,480.0,17.0,-37.7639,144.966
ID950246917,3 Stenson Rd,3,h,515000.0,10/12/2016,1.0,4.0,597.0,44.0,-37.7392,144.8241
ID428392457,24 Gretana Cr,3,h,550000.0,19/08/2017,2.0,1.0,539.0,48.0,-38.144059999999996,145.16352
ID860486273,157 Albion St,2,h,770000.0,15/10/2016,1.0,0.0,152.0,109.0,-37.7611,144.966
ID161442485,10/27 Lewisham Rd,2,u,600000.0,18/06/2016,1.0,1.0,0.0,49.0,-37.8559,144.999
ID988180371,78 Bowen St,4,h,4060000.0,3/09/2017,3.0,2.0,947.0,59.0,-37.844570000000004,145.06218
ID781294565,11b Lilac St,4,t,1005000.0,16/07/2016,2.0,2.0,296.0,13.0,-37.9197,145.05700000000004
ID972993404,41 Burgundy Dr,3,h,1180000.0,15/10/2016,1.0,2.0,657.0,59.0,-37.7807,145.1193
ID652280782,3/33 Elphin Gr,2,u,450000.0,30/07/2016,1.0,1.0,0.0,49.0,-37.8186,145.0423
ID111573745,5 MacKenzie St,3,h,1222500.0,10/12/2016,1.0,0.0,331.0,129.0,-37.7619,144.959
ID633582295,1/152 Blyth St,3,t,743000.0,12/11/2016,2.0,2.0,211.0,69.0,-37.8698,144.816
ID844090518,7/21 Lillimur Rd,1,u,447000.0,27/11/2016,1.0,1.0,0.0,13.0,-37.9016,145.0414
ID507278754,44 Saunders St,3,h,1600000.0,3/06/2017,2.0,2.0,737.0,89.0,-37.75107,144.95112
ID423761054,4 Ella Ct,4,h,1300000.0,8/04/2017,2.0,2.0,872.0,49.0,-37.7906,145.1138
ID338836405,3 Penn Ct,3,h,605000.0,17/09/2016,1.0,2.0,531.0,54.0,-37.7022,144.9669
ID831286327,26 Clarendon St,4,h,665000.0,22/07/2017,1.0,1.0,538.0,59.0,-37.76518,144.85621
ID381230741,3/1526 High St,1,u,420000.0,27/11/2016,1.0,1.0,805.0,8.0,-37.8592,145.0484
ID885532214,17 Bannister St,4,h,618000.0,20/05/2017,1.0,2.0,604.0,49.0,-37.6875,144.9102
ID945125976,5 Octavia St,2,h,920000.0,29/04/2017,1.0,0.0,190.0,64.0,-37.8579,144.9844
ID506103181,91 Campbell St,4,h,1270500.0,22/07/2017,2.0,3.0,801.0,62.0,-37.82734,145.24487
ID844338673,53/69 Palmer St,2,u,815000.0,7/11/2016,2.0,2.0,0.0,6.0,-37.8187,145.0079
ID512077081,40 Angus St,3,h,740000.0,12/11/2016,1.0,1.0,568.0,59.0,-37.7077,144.9438
ID513094432,4/22 Murray St,2,u,380000.0,10/09/2016,1.0,1.0,0.0,49.0,-37.7594,144.9427
ID250204063,3/1 Grant St,3,t,1060000.0,27/05/2017,1.0,1.0,206.0,39.0,-37.87107,145.04991
ID838197555,1/8 Graves St,3,t,864000.0,1/07/2017,1.0,2.0,177.0,19.0,-37.7401,144.89674
ID354364426,41 River St,3,h,986500.0,8/10/2016,1.0,1.0,629.0,13.0,-37.7798,144.8872
ID868179063,6 Conrad Ct,3,h,1001000.0,17/06/2017,1.0,1.0,671.0,49.0,-37.802,145.15828
ID463137168,21 Penn Ct,4,h,750000.0,18/06/2016,2.0,1.0,613.0,49.0,-37.7034,144.9666
ID560860862,15/289 Barkly St,2,u,482300.0,25/02/2017,1.0,0.0,0.0,39.0,-37.8735,144.9798
ID416987662,36/73 River St,2,u,592000.0,9/09/2017,2.0,1.0,14294.0,13.0,-37.81894000000001,145.01314
ID959976384,5 Hibiscus Rd,4,h,1250000.0,12/08/2017,2.0,2.0,580.0,54.0,-37.8051,145.14351000000005
ID597320259,4/236 Boundary Rd,2,t,530000.0,27/05/2017,2.0,1.0,135.0,69.0,-37.71628,144.93822
ID319997451,33/1 St Kilda Rd,2,u,575000.0,3/12/2016,1.0,1.0,0.0,49.0,-37.8573,144.9825
ID876532257,78 Stewart St,3,h,910000.0,8/10/2016,1.0,1.0,215.0,89.0,-37.7642,144.9688
ID459562946,14 Doon St,3,h,1430000.0,6/08/2016,1.0,0.0,135.0,119.0,-37.8495,144.9885
ID279547192,42 Elimatta Rd,3,h,1450000.0,27/05/2017,2.0,2.0,621.0,79.0,-37.90262,145.05709
ID746953321,1872a Malvern Rd,4,h,1400000.0,7/11/2016,2.0,2.0,260.0,25.0,-37.8708,145.0616
ID163268702,405/250 Barkly St,2,u,370000.0,18/06/2016,1.0,1.0,0.0,12.0,-37.7992,144.8961
ID387752728,16/77 St James Rd,2,t,531000.0,10/09/2016,1.0,1.0,83.0,29.0,-37.747,145.07
ID514537070,343 Waverley Rd,3,h,1902000.0,9/09/2017,2.0,2.0,728.0,119.0,-37.87742,145.06162
ID268891581,39 Middle St,3,h,1530000.0,27/05/2017,2.0,1.0,257.0,104.0,-37.77727,144.92655
ID755084117,76 Castle St,4,h,1650000.0,10/09/2016,3.0,2.0,724.0,79.0,-37.7594,145.0594
ID351042938,5 Morris St,5,h,1350000.0,29/07/2017,2.0,2.0,653.0,69.0,-37.993359999999996,145.08953
ID245413807,216 Gower St,3,h,965000.0,7/11/2016,1.0,2.0,581.0,109.0,-37.7411,145.0115
ID856662990,2 Ravenwoods Wy,3,h,492000.0,16/09/2017,2.0,2.0,255.0,10.0,-37.59735,144.91118
ID399024989,8/46 Kororoit Creek Rd,2,u,460000.0,11/03/2017,1.0,1.0,0.0,40.0,-37.8573,144.8854
ID537212220,42 College St,2,h,1350000.0,26/08/2017,1.0,0.0,208.0,59.0,-37.81732,145.02508999999995
ID777189002,72 Bath Rd,3,h,1300000.0,19/08/2017,1.0,2.0,403.0,59.0,-37.855740000000004,145.09051000000005
ID213211817,23 Bayview Cr,3,h,565000.0,26/08/2017,2.0,2.0,530.0,34.0,-37.871990000000004,144.7062
ID940753574,2/71 Southern Rd,2,u,440000.0,12/11/2016,1.0,2.0,281.0,49.0,-37.7429,145.0519
ID239210375,11 Stephens St,4,h,3000000.0,15/10/2016,3.0,2.0,1247.0,69.0,-37.7964,145.086
ID312660555,7 Garnet St,3,h,1305000.0,20/05/2017,1.0,2.0,147.0,79.0,-37.7523,144.8862
ID464311552,3/23 Auburn Gr,2,u,568000.0,22/08/2016,1.0,1.0,0.0,59.0,-37.8254,145.0476
ID471645898,2/65 Clifton St,3,h,1300000.0,8/04/2017,3.0,2.0,240.0,6.0,-37.762,144.8916
ID538952675,2/4 Hinton Rd,2,t,635000.0,19/11/2016,2.0,1.0,81.0,59.0,-37.8877,145.0449
ID258142871,3/35 Creswick St,2,u,815000.0,18/06/2016,1.0,1.0,0.0,79.0,-37.8184,145.0163
ID535371393,2/15 Ogden St,3,t,525000.0,1/07/2017,1.0,1.0,194.0,8.0,-37.701679999999996,144.94862
ID522830153,5/46 Greeves St,2,u,431000.0,18/06/2016,1.0,1.0,0.0,79.0,-37.8665,144.9833
ID305609236,103/677 Glen Huntly Rd,2,u,638000.0,19/11/2016,2.0,1.0,0.0,59.0,-37.8862,145.0175
ID832224047,3 Avondale Rd,3,h,980000.0,17/09/2016,2.0,1.0,479.0,89.0,-37.7425,145.014
ID978308082,23 Viewbank Dr,4,h,732000.0,28/08/2016,2.0,2.0,544.0,39.0,-37.7479,144.8763
ID587664890,7 Llaneast St,3,h,1939000.0,3/12/2016,2.0,2.0,296.0,130.0,-37.8614,145.0274
ID892631002,3/11 Burnett St,1,u,420000.0,12/11/2016,1.0,0.0,954.0,74.0,-37.8612,144.9804
ID630212505,18 Barry St,3,h,830000.0,22/07/2017,1.0,1.0,598.0,44.0,-37.717,145.08891
ID745812426,9 Verdun St,3,h,905000.0,30/07/2016,1.0,1.0,686.0,49.0,-37.782,144.8828
ID483678406,104/27 Macquarie St,1,u,440000.0,17/06/2017,1.0,1.0,0.0,4.0,-37.850120000000004,144.99225
ID634400518,6/105 Locksley Rd,2,u,490000.0,7/05/2016,1.0,1.0,0.0,59.0,-37.7669,145.0505
ID770245703,42 Kars St,3,h,640000.0,1/07/2017,2.0,1.0,368.0,49.0,-38.1523,145.11874
ID321225633,14 Collins St,4,h,1670000.0,25/02/2017,2.0,2.0,590.0,95.0,-37.8274,145.1242
ID939022521,36 Invermay Gr,4,h,2381000.0,15/10/2016,2.0,2.0,457.0,119.0,-37.8332,145.0461
ID705363311,1 Shiers St,4,h,1800000.0,24/06/2017,1.0,2.0,605.0,89.0,-37.77474,145.03011999999995
ID223281181,6/63 Everard St,2,u,615000.0,16/04/2016,1.0,3.0,207.0,59.0,-37.7975,144.8855
ID122204766,189 Station St,2,h,1155000.0,18/03/2017,1.0,0.0,112.0,20.0,-37.8329,144.9455
ID892576595,5/113 Cecil St,1,u,597000.0,18/06/2016,1.0,1.0,0.0,19.0,-37.7941,144.9802
ID967577114,13 Gordon St,3,h,1398000.0,8/07/2017,2.0,1.0,445.0,59.0,-37.756209999999996,144.93401
ID858526040,24/1 Muir St,3,h,1100000.0,15/07/2017,2.0,1.0,109.0,20.0,-37.81442,145.01531
ID628099007,11 Goshawk Ct,3,h,561000.0,17/06/2017,1.0,2.0,787.0,26.0,-38.10709,145.1744
ID243061111,2306/265 Exhibition St,2,u,780000.0,4/06/2016,2.0,1.0,0.0,22.0,-37.8095,144.9691
ID959834670,6 Abassia St,6,h,1505000.0,7/05/2016,2.0,2.0,724.0,66.0,-37.8021,145.0985
ID863966607,5/8 Violet St,2,u,440000.0,27/11/2016,1.0,1.0,1011.0,49.0,-37.7556,144.9132
ID520821585,603/120 Palmer St,1,u,390000.0,14/05/2016,1.0,1.0,0.0,8.0,-37.8195,145.0103
ID701880986,21/54 Balston St,1,u,328500.0,8/07/2017,1.0,1.0,0.0,5.0,-37.86874,144.998
ID788686188,59 Alamein Rd,3,h,532000.0,7/11/2016,1.0,1.0,390.0,64.0,-37.7369,145.0422
ID517465616,2/21 Vickery St,2,u,410000.0,22/07/2017,1.0,1.0,834.0,52.0,-37.916270000000004,145.03892
ID801988246,45 Kennedy St,3,h,1750000.0,16/09/2017,1.0,0.0,727.0,46.0,-37.8763,145.17166
ID340885915,75 Lowson St,3,h,720000.0,1/07/2017,1.0,2.0,603.0,3.0,-37.69863,144.96685
ID777390778,10/352 Auburn Rd,2,u,560000.0,22/04/2017,1.0,0.0,0.0,59.0,-37.832,145.0431
ID423854806,53 River St,4,h,1260000.0,7/05/2016,1.0,3.0,757.0,59.0,-37.8411,144.889
ID893113704,430 Whitehorse Rd,3,h,1050000.0,24/06/2017,2.0,2.0,444.0,74.0,-37.81411,145.09055
ID895668140,56a Clifton St,3,h,1230000.0,14/05/2016,3.0,1.0,310.0,7.0,-37.7949,145.1014
ID779950723,9 Grace St,3,h,1000000.0,4/03/2017,2.0,2.0,739.0,49.0,-37.7104,145.0817
ID118109816,1/52 Drinkwater Cr,3,h,450000.0,8/07/2017,1.0,2.0,283.0,49.0,-37.79703,144.81228000000004
ID299532761,26 Innellan Rd,3,h,1220000.0,28/05/2016,1.0,2.0,735.0,59.0,-37.8943,145.0689
ID963355830,7/37 Blyth St,2,h,730000.0,3/06/2017,1.0,1.0,134.0,49.0,-37.76569,144.9656
ID234382167,224 Ballarat Rd,2,h,690500.0,19/11/2016,1.0,1.0,212.0,119.0,-37.7903,144.8879
ID168149733,398 Wattletree Rd,3,h,1750000.0,22/08/2016,1.0,2.0,562.0,21.0,-37.8657,145.0536
ID875490736,3 Rogers Rd,3,h,1286000.0,20/05/2017,1.0,2.0,614.0,7.0,-37.9317,145.0427
ID216729291,75 Victor Rd,3,t,825000.0,17/09/2016,1.0,1.0,642.0,9.0,-37.9269,145.0787
ID261702482,309 Springvale Rd,3,h,800000.0,24/06/2017,1.0,2.0,617.0,59.0,-37.8318,145.17368000000005
ID522980841,5 Evans Ct,3,h,586000.0,29/07/2017,1.0,1.0,677.0,39.0,-37.69265,144.92653
ID451518448,6 Berry St,2,h,900000.0,10/12/2016,1.0,0.0,95.0,119.0,-37.8193,144.9976
ID728699276,60 Highland Av,3,h,1382000.0,23/09/2017,2.0,2.0,847.0,79.0,-37.90638,145.11733
ID263094116,2/11 Winfield Rd,2,t,860000.0,10/12/2016,2.0,2.0,204.0,27.0,-37.8008,145.10399999999996
ID171333181,32 Collingwood Rd,3,h,1000000.0,8/07/2017,1.0,2.0,366.0,104.0,-37.84346,144.88947
ID310151879,10 Murphy St,4,h,965000.0,15/10/2016,1.0,4.0,851.0,59.0,-37.8345,144.8444
ID719606630,2/36 Alpine Gr,3,t,600000.0,27/11/2016,2.0,1.0,122.0,21.0,-37.7231,144.9373
ID974922708,8 Ipswich St,3,h,645000.0,3/09/2017,1.0,0.0,539.0,59.0,-37.74845,144.8144
ID513659888,30 Ashton St,3,h,731000.0,3/12/2016,1.0,2.0,779.0,69.0,-37.7292,145.0214
ID311553143,16 Flowerdale Rd,5,h,2000000.0,14/05/2016,3.0,1.0,696.0,99.0,-37.8563,145.0709
ID787508267,115 Cheddar Rd,2,h,836000.0,15/10/2016,1.0,1.0,931.0,49.0,-37.7033,145.0169
ID727052804,6 Parkside Av,2,h,1820000.0,3/09/2017,1.0,2.0,701.0,79.0,-37.82756,145.11897
ID801671635,43 Christmas St,2,h,1286000.0,3/09/2016,1.0,1.0,245.0,129.0,-37.7662,145.0096
ID807699133,13 Mills St,2,t,1285000.0,24/06/2017,1.0,1.0,348.0,27.0,-37.93557,145.00463
ID661090578,7/72 Grosvenor St,2,u,410000.0,3/12/2016,1.0,2.0,0.0,54.0,-37.8731,144.9958
ID517343778,10/32 Manningtree Rd,2,u,805000.0,22/08/2016,1.0,1.0,0.0,49.0,-37.8235,145.0294
ID461436852,217 Murrumbeena Rd,4,h,1540000.0,27/05/2017,2.0,2.0,589.0,99.0,-37.90017,145.06435
ID637037504,4 webster St,4,h,1455000.0,19/11/2016,2.0,3.0,571.0,99.0,-37.809,144.8865
ID330986126,2/35 Kingsville St,1,u,200000.0,30/07/2016,1.0,1.0,0.0,59.0,-37.8089,144.8788
ID413381027,3 Camden Rd,2,h,2920000.0,10/12/2016,1.0,3.0,791.0,91.0,-37.8251,145.0385
ID759235675,28 Newry St,3,h,1280000.0,27/05/2017,1.0,1.0,185.0,69.0,-37.82488,145.00642
ID393621177,87 Nicholson St,4,h,1085000.0,19/08/2017,2.0,1.0,430.0,99.0,-37.7505,144.97648999999996
ID145242197,44 Roseleigh Bvd,3,h,620000.0,22/07/2017,2.0,2.0,360.0,19.0,-37.70686,144.76989
ID309616707,2/585 Burwood Hwy,3,u,750000.0,3/06/2017,2.0,1.0,302.0,3.0,-37.85732,145.19195
ID902476559,14 Duncan Ct,4,h,675000.0,8/07/2017,2.0,4.0,744.0,49.0,-37.6815,144.87892
ID751940179,88 Victoria St,3,h,875000.0,18/03/2017,1.0,0.0,262.0,39.0,-37.8022,144.8924
ID487394277,56 Brandon St,3,h,1820000.0,12/11/2016,1.0,3.0,650.0,89.0,-37.8571,145.0766
ID121956688,20 Scotia St,2,h,800000.0,27/06/2016,2.0,1.0,55.0,8.0,-37.8014,144.9488
ID276652708,56 Hall St,2,h,890000.0,8/04/2017,1.0,0.0,165.0,79.0,-37.8415,144.884
ID386226169,4 Montrose St,4,h,876000.0,4/02/2016,2.0,1.0,535.0,24.0,-37.9384,145.0878
ID206188673,9 Montgomery St,4,h,2820000.0,27/11/2016,4.0,4.0,509.0,59.0,-37.9172,145.0214
ID593855166,405/2 Rouse St,1,u,600000.0,25/02/2017,1.0,1.0,6866.0,9.0,-37.8443,144.9437
ID149055243,7/110 Miller St,1,u,330000.0,6/05/2017,1.0,1.0,0.0,49.0,-37.777,144.9836
ID945488011,12/66 Riddell Pde,2,u,626000.0,17/09/2016,1.0,1.0,1764.0,89.0,-37.8889,145.0043
ID406983547,2 Glover Ct,4,h,716000.0,24/06/2017,2.0,2.0,684.0,74.0,-37.69274,144.76971
ID258761956,8 Ferrars Pl,4,h,4100000.0,27/05/2017,2.0,1.0,403.0,119.0,-37.83737,144.95799
ID825997647,23 Leonard St,3,h,1275000.0,24/06/2017,1.0,0.0,245.0,39.0,-37.78167,145.01316
ID638555880,3/25 Thomas St,2,u,692500.0,3/09/2017,1.0,1.0,145.0,49.0,-37.84197,145.09374
ID729241643,88 Boronia Rd,3,h,988000.0,22/07/2017,1.0,1.0,653.0,49.0,-37.84034000000001,145.2022
ID901347979,2/1 Barbara St,2,u,605000.0,19/11/2016,1.0,2.0,180.0,39.0,-37.9363,145.0564
ID865366204,21 Ralston St,3,h,906000.0,22/05/2016,1.0,0.0,154.0,99.0,-37.8395,144.9868
ID223576313,3/44 Walsh St,3,u,2400000.0,3/06/2017,2.0,1.0,0.0,79.0,-37.8369,144.98514
ID520306070,39 Galloway St,3,h,632000.0,3/09/2017,1.0,2.0,544.0,24.0,-37.95135,145.19806
ID369212568,345 Waterdale Rd,3,h,1110000.0,6/05/2017,1.0,2.0,730.0,49.0,-37.754,145.0453
ID713855674,30 Don Av,3,h,536500.0,15/07/2017,2.0,4.0,578.0,47.0,-37.873259999999995,144.69103
ID421394552,126 Mills St,2,h,1535000.0,1/07/2017,1.0,0.0,171.0,119.0,-37.8481,144.9566
ID745812426,9 Verdun St,3,h,905000.0,30/07/2016,1.0,1.0,686.0,49.0,-37.782,144.8828
ID188832061,221/253 Bridge Rd,2,u,419000.0,22/07/2017,1.0,1.0,3512.0,8.0,-37.81828,144.99788999999996
ID889231487,4/199 Punt Rd,1,u,360000.0,27/11/2016,1.0,1.0,1332.0,119.0,-37.8181,144.9901
ID762361710,12 Chambers Rd,3,h,830000.0,22/07/2017,2.0,2.0,529.0,54.0,-37.84107,144.84179
ID657268672,78 Raheen Av,3,h,1070000.0,16/09/2017,2.0,2.0,673.0,41.0,-37.86345,145.22871
ID846166214,5 Barce Pl,4,h,715000.0,19/11/2016,2.0,2.0,521.0,29.0,-37.738,145.0374
ID878668800,2/10 Swan St,3,t,714000.0,10/12/2016,2.0,2.0,164.0,11.0,-37.7948,144.8868
ID521455798,8 Corroboree Pl,3,h,1200000.0,6/08/2016,1.0,2.0,730.0,59.0,-37.76,145.1054
ID436003842,2 Patterson St,3,h,1850000.0,3/06/2017,2.0,1.0,321.0,104.0,-37.85411,144.96409
ID385491577,49 Bellett St,4,h,2513000.0,13/05/2017,2.0,3.0,696.0,109.0,-37.8355,145.0665
ID755909515,4 Burgess St,3,h,1405000.0,27/11/2016,1.0,2.0,212.0,19.0,-37.8302,144.9993
ID227813625,1/24 Bordeaux St,2,h,522500.0,24/09/2016,1.0,1.0,220.0,24.0,-37.756,144.8641
ID276060992,42 Studley Ct,4,h,1460000.0,18/06/2016,2.0,2.0,840.0,49.0,-37.78,145.1145
ID205386358,4 Meaney St,2,h,906000.0,3/12/2016,1.0,1.0,221.0,99.0,-37.8829,145.0129
ID479643821,2/13 Westbrook St,2,u,862000.0,1/07/2017,1.0,1.0,1011.0,49.0,-37.7972,145.05225
ID146617541,65 Glenair St,3,h,1101000.0,4/06/2016,2.0,2.0,643.0,54.0,-37.7602,145.1166
ID754126718,2/28 Walsh St,3,t,1715000.0,28/08/2016,2.0,2.0,0.0,49.0,-37.8374,144.9852
ID359334550,8 Trende St,3,h,678000.0,3/06/2017,1.0,2.0,624.0,49.0,-37.97806,145.20432
ID884677559,436 Lygon St,4,h,1260000.0,18/06/2016,1.0,2.0,151.0,129.0,-37.7965,144.9679
ID159055689,103 Arthur St,3,h,1492000.0,3/09/2017,2.0,1.0,292.0,89.0,-37.777879999999996,145.01963999999995
ID597826207,31 Westbank Tce,3,h,1346000.0,14/05/2016,1.0,1.0,207.0,8.0,-37.8215,145.0132
ID592693184,18A New St,2,h,1460000.0,19/08/2017,1.0,1.0,181.0,89.0,-37.8542,145.01506
ID227520717,8 Tourello St,3,h,960000.0,24/06/2017,1.0,0.0,781.0,34.0,-37.8105,145.20106
ID285743407,4 The Glade,3,h,960000.0,3/09/2016,2.0,2.0,656.0,29.0,-37.7322,145.0995
ID873034324,127 Gipps St,4,h,4275000.0,20/05/2017,2.0,2.0,326.0,49.0,-37.8133,144.9865
ID407983755,1A Kawarren St,3,h,1360000.0,12/08/2017,2.0,2.0,424.0,64.0,-37.78617,145.09202
ID899335434,16 Menzies St,2,h,760000.0,8/04/2017,1.0,1.0,604.0,69.0,-37.782,144.8528
ID239012071,42 Bryden Dr,4,h,850000.0,15/07/2017,2.0,1.0,738.0,34.0,-37.89863,145.26708
ID221726482,5/11 Albion St,2,u,497500.0,28/08/2016,0.0,0.0,0.0,91.0,-37.8739,144.9929
ID292141298,6 Middlesex St,3,h,808000.0,10/12/2016,1.0,2.0,692.0,59.0,-37.771,144.8428
ID271879972,5 Lorenz St,3,h,625000.0,22/08/2016,1.0,1.0,459.0,64.0,-37.7813,144.8394
ID440357372,2/36 Clarke St,1,u,482500.0,8/10/2016,1.0,1.0,443.0,49.0,-37.8493,145.0006
ID517812073,36/3 Seisman Pl,2,u,1340000.0,3/12/2016,2.0,2.0,21700.0,19.0,-37.8424,144.9449
ID239919527,3/23 Christine St,2,u,556000.0,3/12/2016,1.0,1.0,195.0,24.0,-37.7405,145.0876
ID447819237,3 McArthurs Rd,5,h,597000.0,19/08/2017,3.0,2.0,582.0,19.0,-37.62292,145.09507
ID814226762,1/18 Duffy St,2,u,376000.0,16/04/2016,1.0,1.0,104.0,49.0,-37.7104,145.0076
ID409630133,17 McCormack Cr,4,h,723000.0,16/09/2017,2.0,2.0,872.0,26.0,-37.872170000000004,144.68746000000004
ID437091564,37 Huntley St,3,h,790000.0,8/07/2017,1.0,2.0,527.0,22.0,-37.70039000000001,145.08957
ID216729291,75 Victor Rd,3,t,825000.0,17/09/2016,1.0,1.0,642.0,9.0,-37.9269,145.0787
ID831548745,54 Linacre Rd,4,h,2000000.0,10/09/2016,3.0,4.0,615.0,94.0,-37.9429,145.0072
ID208708773,192 Wood St,4,h,870000.0,27/11/2016,1.0,2.0,400.0,129.0,-37.7346,145.0164
ID517812073,36/3 Seisman Pl,2,u,1340000.0,3/12/2016,2.0,2.0,21700.0,19.0,-37.8424,144.9449
ID800114660,58 Champion St,4,h,2640000.0,26/07/2016,2.0,2.0,848.0,44.0,-37.9234,145.0042
ID463385272,1 Flinders St,3,h,821000.0,26/08/2017,1.0,2.0,581.0,44.0,-37.72282,144.85681
ID732385024,49 Albion St,3,h,1134000.0,17/09/2016,1.0,1.0,551.0,69.0,-37.7571,144.9335
ID866908408,15/2 Redan St,1,u,517500.0,1/07/2017,1.0,0.0,980.0,99.0,-37.85954,144.98869
ID901240672,6 Parklea Ct,3,h,556500.0,3/06/2017,1.0,2.0,526.0,34.0,-37.67561,145.05641
ID573028755,46A Collins St,3,t,460000.0,17/06/2017,1.0,1.0,160.0,19.0,-37.73915,144.80289
ID393971117,5/6 Ulupna Rd,2,u,640000.0,27/05/2017,1.0,1.0,0.0,99.0,-37.90323,145.04286000000005
ID329194058,270 West St,2,h,675000.0,8/07/2017,2.0,1.0,248.0,8.0,-37.69705,144.94218999999995
ID956684399,4/1 Nangnak La,2,t,660000.0,14/05/2016,2.0,1.0,146.0,89.0,-37.8157,145.1101
ID418060283,533 Sayers Rd,4,h,1305000.0,3/06/2017,2.0,0.0,4606.0,22.0,-37.849309999999996,144.6942
ID582289799,15 Wallace St,4,h,1000000.0,24/09/2016,1.0,1.0,589.0,84.0,-37.7628,144.9459
ID673150586,57 Blazey Rd,3,h,800000.0,27/05/2017,1.0,2.0,865.0,69.0,-37.81263,145.27588
ID409088954,268 Wright St,4,h,601000.0,11/03/2017,1.0,4.0,520.0,22.0,-37.7942,144.8112
ID975831451,27 Busch St,4,h,990000.0,19/08/2017,2.0,2.0,501.0,59.0,-37.79591,144.87595
ID505255216,18 Albert Pl,3,t,802000.0,15/07/2017,2.0,2.0,251.0,21.0,-37.98146,145.11715
ID211327855,1/17 Tennyson St,2,u,700000.0,8/10/2016,1.0,1.0,0.0,67.0,-37.9225,144.9891
ID459800624,12/25 Byron St,1,u,410000.0,7/11/2016,1.0,1.0,1045.0,8.0,-37.802,144.9516
ID429104371,9 Esther St,3,h,1053000.0,24/09/2016,1.0,1.0,726.0,59.0,-37.7656,145.1017
ID590368099,164 Gower St,4,h,900000.0,3/09/2016,2.0,1.0,530.0,79.0,-37.7416,145.016
ID829972305,2/51 Cary St,2,u,429000.0,8/07/2017,1.0,1.0,150.0,69.0,-37.76941,144.82385
ID214526842,19 Clarendon St,3,h,730000.0,25/02/2017,2.0,2.0,705.0,26.0,-37.766,144.8596
ID674036138,25 Carlyle St,3,h,676500.0,8/10/2016,2.0,1.0,250.0,59.0,-37.7905,144.8762
ID331373124,42 Denys St,3,h,712000.0,3/06/2017,1.0,2.0,603.0,59.0,-37.70037,144.97007
ID185799000,136 Kilby Rd,3,h,1402000.0,22/04/2017,2.0,2.0,422.0,69.0,-37.7927,145.056
ID646909846,97 Murray Rd,3,h,550000.0,14/05/2016,1.0,1.0,405.0,69.0,-37.7396,145.0175
ID640878686,27 Nungerner St,4,h,2130000.0,7/05/2016,2.0,2.0,664.0,49.0,-37.8055,145.0699
ID608433812,79 Darebin Bvd,3,h,622500.0,17/09/2016,1.0,1.0,456.0,59.0,-37.7038,145.0281
ID809803189,15 Bayview Tce,2,h,1150000.0,18/03/2017,1.0,1.0,387.0,80.0,-37.7734,144.9191
ID452512911,6 Kittyhawk St,4,h,773000.0,17/09/2016,3.0,4.0,531.0,39.0,-37.7263,144.8679
ID324499481,22A Cobden St,2,h,930000.0,11/02/2017,1.0,0.0,115.0,119.0,-37.8345,144.9685
ID476435430,210/10 Hillingdon Pl,2,u,510000.0,23/04/2016,1.0,1.0,0.0,20.0,-37.8513,144.9943
ID945396520,2 Buckingham St,3,h,747000.0,16/07/2016,1.0,1.0,246.0,79.0,-37.8012,144.8924
ID196906675,39 Dudley St,2,h,900000.0,10/12/2016,1.0,0.0,210.0,119.0,-37.7969,144.88299999999995
ID809506160,1C Kardinia Rd,4,h,1770000.0,3/09/2017,3.0,2.0,276.0,119.0,-37.8616,145.06801000000004
ID482917557,23/350 Toorak Rd,3,u,1235000.0,1/07/2017,2.0,1.0,0.0,19.0,-37.84024,145.00038999999995
ID970790905,4 Erica St,2,h,1350000.0,27/11/2016,1.0,2.0,181.0,49.0,-37.8549,145.0006
ID643324118,6 Forsyth Ct,4,h,655000.0,12/08/2017,2.0,2.0,638.0,4.0,-38.01706,145.29076
ID657259696,7 McLachlan St,3,h,2315000.0,18/03/2017,1.0,2.0,899.0,59.0,-37.7822,144.9935
ID737249134,70 McCrae Rd,3,h,780000.0,11/02/2017,1.0,2.0,627.0,49.0,-37.7367,145.0797
ID919628085,1/80 Delaware St,2,t,615000.0,20/05/2017,1.0,1.0,202.0,12.0,-37.7199,145.0091
ID404516026,20 Hope Pl,3,h,640000.0,8/07/2017,2.0,2.0,531.0,29.0,-37.87899,144.75625
ID125425316,3/14 Moffatt Cr,2,u,315000.0,26/08/2017,1.0,1.0,150.0,34.0,-37.87715,144.69863
ID520267259,1/125 Riversdale Rd,2,u,697000.0,27/05/2017,1.0,1.0,0.0,17.0,-37.82887,145.03676000000004
ID703829706,111 Hanson Rd,4,h,600000.0,23/09/2017,2.0,2.0,630.0,16.0,-37.58905,144.93658
ID579871314,10 Helvetia Ct,3,h,690000.0,19/08/2017,2.0,2.0,595.0,48.0,-38.16135,145.13374
ID227887354,4 Lord St,3,h,585000.0,6/08/2016,1.0,1.0,605.0,59.0,-37.6985,144.9615
ID606565508,8 Darwin Rd,3,h,775000.0,8/07/2017,1.0,2.0,720.0,49.0,-37.861259999999994,145.25808
ID135875589,67 Charles St,2,h,1100000.0,20/05/2017,1.0,1.0,189.0,49.0,-37.7767,144.9924
ID548686518,9 Rosebud Pde,4,h,1080000.0,4/03/2017,1.0,2.0,676.0,49.0,-37.7389,145.0861
ID649829661,43 Bloomfield Rd,4,h,1430000.0,22/05/2016,2.0,0.0,418.0,119.0,-37.7766,144.9187
ID206423147,71A Price St,3,t,935000.0,27/11/2016,2.0,2.0,247.0,49.0,-37.7462,144.8949
ID719753615,10/270 Williams Rd,1,u,350000.0,22/07/2017,1.0,1.0,0.0,49.0,-37.841570000000004,145.00468999999995
ID132954111,21 Ardyne St,4,h,1610000.0,15/10/2016,2.0,2.0,660.0,99.0,-37.8932,145.0681
ID547332161,71 Church St,4,h,1125000.0,26/08/2017,2.0,4.0,556.0,41.0,-37.720259999999996,144.83143
ID463511236,328 Milleara Rd,4,h,605000.0,27/11/2016,1.0,0.0,569.0,24.0,-37.7563,144.8601
ID964095619,4/47 Middle Rd,2,u,420000.0,25/02/2017,1.0,1.0,0.0,49.0,-37.7678,144.8899
ID879599046,47 Warburton Rd,3,h,1680000.0,17/09/2016,2.0,1.0,325.0,109.0,-37.826,145.0729
ID455947752,2/13 Radio St,2,t,600000.0,28/08/2016,2.0,1.0,145.0,7.0,-37.7801,144.869
ID695068451,11 Warncliffe Rd,3,h,2150000.0,7/05/2016,2.0,2.0,1232.0,59.0,-37.7767,145.0592
ID717455233,2/6 Carling Ct,3,u,440500.0,15/07/2017,1.0,1.0,205.0,29.0,-37.88995,144.78505
ID378491006,149 Augustine Tce,3,h,447500.0,15/10/2016,1.0,1.0,320.0,19.0,-37.6949,144.9122
ID525675133,173 MacPherson St,2,h,1301000.0,10/12/2016,1.0,0.0,133.0,10.0,-37.786,144.9704
ID744397106,116 Leicester St,2,h,800000.0,27/06/2016,2.0,1.0,64.0,24.0,-37.7956,144.9804
ID850196199,39 Flinders St,3,h,700000.0,8/07/2017,1.0,1.0,590.0,49.0,-37.7219,144.85238999999999
ID151796245,11/140 Riversdale Rd,1,u,292000.0,7/11/2016,1.0,0.0,0.0,53.0,-37.8294,145.0382
ID708774716,30 Chauvel St,3,h,750000.0,17/09/2016,2.0,1.0,337.0,9.0,-37.9115,145.0844
ID231565141,5 Aspera Pl,4,h,670000.0,8/07/2017,2.0,2.0,612.0,129.0,-38.07898,145.3165
ID488079633,2/8 Thomas St,2,h,880000.0,10/12/2016,1.0,2.0,163.0,39.0,-37.8359,144.9358
ID597826207,31 Westbank Tce,3,h,1346000.0,14/05/2016,1.0,1.0,207.0,8.0,-37.8215,145.0132
ID647472645,4/20 Mercer Rd,2,h,1780000.0,10/12/2016,2.0,2.0,0.0,44.0,-37.8537,145.0267
ID342390969,21 Compton St,4,h,2950000.0,10/12/2016,2.0,3.0,812.0,92.0,-37.8323,145.0842
ID605318773,25 Coppin La,4,h,870000.0,12/08/2017,2.0,2.0,463.0,7.0,-37.73531,144.74335
ID122534057,674 Victoria St,2,h,1266000.0,19/11/2016,1.0,0.0,161.0,59.0,-37.8043,144.9437
ID927403846,3/83 Mitchell St,3,t,895000.0,1/07/2017,2.0,2.0,262.0,15.0,-37.78284,144.88098
ID971272681,1/4 Southey Ct,2,u,670000.0,3/09/2017,1.0,0.0,643.0,69.0,-37.87571,144.98702
ID745057514,274 Station St,6,h,931000.0,9/09/2017,3.0,3.0,646.0,54.0,-37.67522,145.01554
ID692234480,8 Campbell St,3,h,1528500.0,4/03/2017,1.0,1.0,375.0,89.0,-37.8015,145.0505
ID931119268,127 Deakin St,2,h,1280000.0,12/08/2017,1.0,1.0,512.0,89.0,-37.741209999999995,144.89273
ID922920241,61 Evans St,2,h,1105000.0,11/02/2017,1.0,1.0,147.0,129.0,-37.7702,144.9692
ID941912333,10 Boronia St,4,h,1698888.0,22/08/2016,2.0,2.0,598.0,13.0,-37.9138,145.0774
ID701504620,14 Hollsmoor Rd,3,h,2155000.0,24/09/2016,1.0,1.0,891.0,99.0,-37.8408,145.0905
ID977642374,13 Gowanbrae Dr,4,h,970000.0,29/04/2017,2.0,3.0,737.0,9.0,-37.7088,144.8938
ID295262279,4/34 Rochester Rd,2,u,722000.0,12/11/2016,1.0,1.0,0.0,54.0,-37.8205,145.0828
ID666324182,154 Abbott St,4,h,850000.0,8/07/2017,3.0,2.0,709.0,2.0,-37.95095,145.02096
ID313270292,3/20 Orange Gr,2,u,416000.0,18/06/2016,1.0,1.0,0.0,59.0,-37.8678,144.9966
ID671725053,7a Woorigoleen Rd,3,t,2650000.0,10/09/2016,3.0,2.0,0.0,19.0,-37.8428,145.0171
ID350187564,100 Faraday St,2,h,1010000.0,18/03/2017,1.0,0.0,101.0,139.0,-37.7989,144.9713
ID295631132,604/353 Napier St,2,u,830000.0,8/07/2017,2.0,1.0,4421.0,8.0,-37.79721,144.98073
ID446680465,3/18 Balmoral St,2,u,440000.0,6/05/2017,1.0,1.0,921.0,54.0,-37.749,144.9067
ID389888993,3/37 Atkins St,2,t,672000.0,17/09/2016,1.0,1.0,0.0,39.0,-37.8094,145.0446
ID283506725,1 Ashdown Ct,3,h,671000.0,26/08/2017,1.0,2.0,418.0,89.0,-37.66349,145.03391000000005
ID867859870,5 Gretel Pl,3,h,690000.0,24/06/2017,2.0,2.0,703.0,39.0,-38.03062,145.35951
ID551615369,4 Kelvin Gr,2,h,944000.0,12/06/2016,1.0,1.0,185.0,119.0,-37.76300000000001,145.0025
ID624965681,27 Holloway Cl,3,h,455000.0,17/06/2017,1.0,6.0,639.0,29.0,-37.562909999999995,144.72848
ID126553935,19 Davey Rd,3,h,1160000.0,27/05/2017,2.0,1.0,1125.0,64.0,-37.71541,145.11666
ID637847200,2/3 Rotherwood Rd,2,u,535000.0,3/06/2017,1.0,1.0,0.0,89.0,-37.77127,145.0499
ID454799435,36 Meek St,3,h,2140000.0,8/04/2017,2.0,2.0,393.0,139.0,-37.902,144.9922
ID282054180,50 Bedford St,3,h,770000.0,4/03/2017,2.0,1.0,0.0,54.0,-37.7203,144.8755
ID342977832,55 Alpine Gr,3,h,980000.0,19/08/2017,1.0,1.0,546.0,69.0,-37.72208,144.93714
ID788400785,66 Clyde St,2,h,1365000.0,26/07/2016,1.0,1.0,361.0,109.0,-37.8646,144.98
ID252881965,9 Ernst St,3,h,1474000.0,22/08/2016,2.0,2.0,753.0,12.0,-37.7753,145.1114
ID782479560,706/30 St Andrews Pl,2,u,1400000.0,8/10/2016,2.0,1.0,0.0,129.0,-37.8118,144.9762
ID875179723,41 Helston St,4,h,1900000.0,22/08/2016,2.0,4.0,587.0,59.0,-37.7841,145.0953
ID338276970,2/125 Locksley Rd,2,u,430000.0,3/12/2016,1.0,1.0,0.0,49.0,-37.7662,145.0516
ID776983966,18 Glen Rd,3,h,1665000.0,15/10/2016,2.0,3.0,702.0,74.0,-37.8737,145.0695
ID619203791,48 Hamilton St,4,h,1502000.0,26/08/2017,3.0,1.0,934.0,5.0,-37.80898,144.88701
ID461360731,18c High St,3,t,746000.0,15/10/2016,2.0,2.0,118.0,6.0,-37.7863,145.106
ID677158441,12 Burns Ct,3,h,659500.0,17/09/2016,1.0,1.0,608.0,64.0,-37.7361,145.0551
ID723337747,282 Cumberland Rd,3,h,750000.0,18/03/2017,2.0,2.0,540.0,20.0,-37.7174,144.941
ID321669246,11/17 Myamyn St,2,u,3625000.0,4/06/2016,2.0,2.0,0.0,13.0,-37.8555,145.0291
ID245581190,255 Coppin St,3,h,1275000.0,8/10/2016,1.0,2.0,204.0,119.0,-37.8285,145.0022
ID193872848,22b Essex Rd,4,h,2200000.0,7/05/2016,2.0,2.0,734.0,99.0,-37.8286,145.092
ID781246374,11 Arden Ct,4,h,2162000.0,3/06/2017,2.0,3.0,794.0,69.0,-37.79172,145.05863
ID142963848,8 Sydenham St,3,h,1600000.0,27/05/2017,2.0,3.0,598.0,59.0,-37.95357,145.02651
ID368045642,20 Westgarth St,2,h,1315000.0,18/03/2017,1.0,0.0,141.0,129.0,-37.7946,144.9765
ID428172237,18 Belgrave St,3,h,1750000.0,24/06/2017,2.0,0.0,234.0,19.0,-37.82839,145.04086
ID159166296,123 Barkly St,4,h,1280000.0,10/12/2016,2.0,0.0,161.0,129.0,-37.7772,144.9723
ID306620890,1/8 Louise St,2,u,712000.0,20/05/2017,1.0,1.0,36.0,49.0,-37.7926,145.0019
ID746817956,7 Dalton Pl,3,h,680000.0,3/09/2017,1.0,2.0,300.0,59.0,-37.68416,144.8895
ID895727293,13 George St,3,h,960000.0,6/05/2017,1.0,2.0,626.0,69.0,-37.7421,144.8851
ID526060115,75 Normanby Rd,4,h,1925000.0,12/08/2017,2.0,2.0,494.0,119.0,-37.87206,145.03512
ID265665598,1/164 Barkers Rd,3,t,1200000.0,15/07/2017,2.0,2.0,1089.0,49.0,-37.81432,145.03221000000005
ID660816366,3/11 Martell St,2,u,310000.0,17/06/2017,1.0,1.0,171.0,11.0,-37.68489,144.9212
ID598414087,1/5 Glover St,3,h,590000.0,17/06/2017,1.0,2.0,290.0,69.0,-37.7368,145.05048
ID933440630,27 Buckingham Cr,3,h,551000.0,8/07/2017,1.0,2.0,613.0,45.0,-37.80046,144.82676
ID297120181,205/15 Pickles St,2,u,600000.0,29/04/2017,1.0,1.0,0.0,14.0,-37.8443,144.9442
ID992669114,2/6 Culma St,2,u,812000.0,18/06/2016,1.0,1.0,0.0,24.0,-37.8924,145.0409
ID814928793,14 Noga Av,3,h,840000.0,15/07/2017,1.0,2.0,575.0,49.0,-37.743159999999996,144.87894
ID538595457,1 Newry St,2,h,1220000.0,18/06/2016,1.0,2.0,198.0,6.0,-37.8244,145.0046
ID691850747,30 Astley St,4,h,1050000.0,27/05/2017,2.0,1.0,973.0,16.0,-37.72082,145.12027
ID144044125,72 Anderson Rd,3,h,595999.0,16/07/2016,1.0,1.0,750.0,69.0,-37.7892,144.827
ID660834891,1/12 Grenville St,2,u,860000.0,29/04/2017,1.0,1.0,90.0,57.0,-37.9354,144.9994
ID777533611,26 Tarago Cr,3,h,950000.0,26/08/2017,2.0,2.0,535.0,49.0,-37.94122,145.10924
ID763444111,9 Cook St,3,h,981000.0,4/06/2016,3.0,2.0,626.0,3.0,-37.76,145.0326
ID441212580,39 Bentley St,3,h,1755000.0,12/11/2016,2.0,2.0,808.0,49.0,-37.832,145.11
ID595709990,87 Elizabeth St,3,h,1002500.0,14/05/2016,1.0,2.0,501.0,49.0,-37.8356,144.8785
ID842342988,17 Prospect St,3,h,880000.0,27/06/2016,2.0,2.0,588.0,59.0,-37.7283,144.9356
ID943802768,2 Boyd St,2,h,2905000.0,3/06/2017,1.0,1.0,254.0,59.0,-37.84583,144.95658
ID589490042,522 Waterdale Rd,2,h,526000.0,27/06/2016,1.0,1.0,310.0,25.0,-37.7389,145.0486
ID851999719,4/3 Brookfield Ct,1,u,430000.0,25/02/2017,1.0,1.0,2276.0,69.0,-37.8343,145.0547
ID579585862,4 Muriel St,2,h,1007000.0,27/06/2016,1.0,1.0,646.0,69.0,-37.7433,144.891
ID824704215,2/8 View St,2,u,521500.0,8/10/2016,1.0,1.0,0.0,49.0,-37.7262,144.9273
ID603548058,15 Morgan St,3,h,990000.0,11/03/2017,2.0,2.0,475.0,99.0,-37.7344,145.00799999999995
ID444228214,1/40 Ormond Rd,1,u,470000.0,25/02/2017,1.0,1.0,900.0,84.0,-37.8839,144.9848
ID635993268,1/19 Warrina St,4,t,965000.0,17/09/2016,3.0,2.0,273.0,7.0,-37.8742,145.105
ID804949256,49 Grove Rd,4,h,3335000.0,3/06/2017,2.0,2.0,371.0,129.0,-37.81474,145.02608999999995
ID749077546,35 Teddington Rd,3,h,1715000.0,4/03/2017,1.0,2.0,765.0,64.0,-37.9358,145.018
ID948902767,8 Ila St,3,h,901000.0,20/05/2017,1.0,2.0,702.0,69.0,-37.709,144.9368
ID972829126,3 Charles St,3,h,1102000.0,27/11/2016,1.0,2.0,1020.0,7.0,-37.709,144.9434
ID659784708,11/276 Domain Rd,1,u,430000.0,3/09/2016,1.0,1.0,0.0,49.0,-37.8351,144.9909
ID541145963,104/2 Cromwell Rd,2,u,800000.0,3/06/2017,2.0,1.0,0.0,5.0,-37.847120000000004,144.99967
ID251995396,31 Cobden St,3,h,1425000.0,3/09/2017,1.0,3.0,163.0,139.0,-37.804520000000004,144.95718
ID188032299,9 Ryland St,3,h,841000.0,16/09/2017,1.0,3.0,533.0,59.0,-37.72631,144.96274
ID231279953,2115/18 Mt Alexander Rd,2,u,341500.0,15/07/2017,1.0,1.0,16000.0,7.0,-37.784659999999995,144.93829
ID918307603,14 Alice St,3,h,990000.0,29/04/2017,1.0,3.0,414.0,89.0,-37.7432,144.9573
ID190614687,5/38 Bank St,3,u,742000.0,27/11/2016,2.0,2.0,0.0,16.0,-37.8319,144.9682
ID905174117,4 Miller St,3,h,1000000.0,15/10/2016,1.0,1.0,431.0,49.0,-37.75,144.9695
ID758718497,76 Castlemaine St,3,h,935000.0,6/05/2017,1.0,0.0,212.0,13.0,-37.8143,144.8883
ID408489462,27 Olver St,2,t,715000.0,4/03/2017,1.0,1.0,132.0,10.0,-37.7343,145.0025
ID577326652,39 Emu Pde,3,h,551000.0,4/03/2017,1.0,0.0,610.0,64.0,-37.6885,144.9092
ID156086258,150 Millers Rd,3,h,585000.0,3/06/2017,1.0,1.0,402.0,39.0,-37.83012,144.84818
ID925081860,225 Gillies St,3,h,1055000.0,27/06/2016,1.0,2.0,382.0,69.0,-37.7696,145.0188
ID916430818,2/80 Hawker St,2,u,480000.0,29/04/2017,1.0,1.0,128.0,10.0,-37.7216,144.8837
ID487742008,21A Cosmos St,3,h,577000.0,18/03/2017,1.0,2.0,706.0,49.0,-37.7053,144.9372
ID838979169,40 Devereaux St,4,h,840000.0,18/06/2016,1.0,2.0,704.0,59.0,-37.7143,144.9096
ID803126626,43 Woolart St,4,h,1015000.0,6/08/2016,2.0,1.0,794.0,49.0,-37.7196,144.9062
ID617281164,2/63 Domain St,3,u,920000.0,13/05/2017,1.0,1.0,0.0,49.0,-37.836,144.9782
ID421799461,306 Grimshaw St,4,h,920000.0,16/09/2017,2.0,2.0,966.0,59.0,-37.7023,145.08357
ID938756044,19 Norfolk St,4,h,1100000.0,27/05/2017,2.0,2.0,726.0,58.0,-37.89814000000001,145.14457
ID427827924,4 Charlton Pl,3,h,750000.0,16/09/2017,2.0,2.0,536.0,39.0,-37.67666,144.99161
ID412973634,11 Finsbury St,3,h,1130000.0,8/10/2016,1.0,0.0,294.0,119.0,-37.7856,144.9292
ID977538533,13/378 Dandenong Rd,2,u,722000.0,17/09/2016,2.0,2.0,0.0,8.0,-37.8607,145.0116
ID562974008,1/23 Stewart St,2,h,601500.0,7/05/2016,1.0,1.0,253.0,19.0,-37.7286,144.9249
ID366537860,22 Lynch St,3,h,711000.0,28/08/2016,1.0,2.0,494.0,59.0,-37.7794,144.8347
ID610902214,29 Bowen St,3,h,2180000.0,3/12/2016,2.0,2.0,345.0,18.0,-37.8159,144.994
ID333391862,1/51 The Grove,2,h,605000.0,27/06/2016,1.0,1.0,0.0,50.0,-37.7519,144.9721
ID512381862,1/26 York St,3,t,600000.0,27/11/2016,1.0,2.0,258.0,18.0,-37.7047,144.9087
ID826111495,11/2 MacArthur Rd,2,u,734600.0,22/08/2016,2.0,1.0,2427.0,29.0,-37.7896,144.9584
ID330558085,79 McIver St,3,h,760000.0,29/07/2017,1.0,3.0,984.0,59.0,-37.897659999999995,145.29185
ID840359516,1 Athol St,4,h,1350000.0,10/09/2016,2.0,2.0,447.0,139.0,-37.7704,144.9199
ID864565963,7 Buchan St,5,h,895000.0,22/07/2017,2.0,4.0,779.0,49.0,-37.94465,145.21236000000005
ID431002787,106 Outlook Dr,3,h,600000.0,22/05/2016,1.0,4.0,541.0,51.0,-37.7051,144.9069
ID585416451,226/3 Hoddle St,2,u,561000.0,3/06/2017,2.0,2.0,3701.0,14.0,-37.80896,144.9911
ID477486312,3/25 Ellesmere Pde,3,t,710000.0,30/07/2016,1.0,1.0,174.0,69.0,-37.7404,145.0648
ID532171471,22 Nimmo St,4,h,1160000.0,10/09/2016,3.0,2.0,256.0,4.0,-37.7527,144.8957
ID995074455,29 Livingstone St,4,h,1350000.0,3/06/2017,1.0,2.0,587.0,48.0,-37.76737,145.03943999999996
ID607400381,4/27 Roseberry St,2,u,440000.0,19/11/2016,1.0,1.0,0.0,49.0,-37.7749,144.9137
ID899335434,16 Menzies St,2,h,760000.0,8/04/2017,1.0,1.0,604.0,69.0,-37.782,144.8528
ID527677965,12 Riviera St,4,h,795000.0,27/05/2017,2.0,2.0,631.0,59.0,-38.08814,145.12598
ID540507379,24 Bolingbroke St,5,h,1410000.0,22/04/2017,3.0,4.0,1004.0,10.0,-37.7321,144.9353
ID975414347,25 Gray St,4,h,1755000.0,28/08/2016,2.0,1.0,354.0,109.0,-37.7745,144.9523
ID828671450,5/240 Barkly St,1,u,370500.0,10/12/2016,1.0,1.0,0.0,59.0,-37.8722,144.9805
ID367540914,99 Christmas St,2,h,1575000.0,7/11/2016,1.0,3.0,607.0,74.0,-37.7668,145.0149
ID928907916,9a Elizabeth St,3,h,1355000.0,15/10/2016,1.0,2.0,759.0,89.0,-37.9057,145.0166
ID395806050,12 Prospect St,2,h,1430000.0,8/10/2016,1.0,1.0,711.0,6.0,-37.755,144.8848
ID618510982,35 Carbeena Pde,2,h,515500.0,12/11/2016,1.0,1.0,331.0,59.0,-37.7441,145.0379
ID198070320,1 Melva St,4,h,1515000.0,6/05/2017,3.0,2.0,635.0,69.0,-37.9107,145.0745
ID231631598,12 Rocklea Rd,3,h,1331000.0,23/09/2017,2.0,2.0,697.0,49.0,-37.768229999999996,145.08103
ID863341984,17 Menzies Pde,3,h,622000.0,8/07/2017,1.0,2.0,575.0,49.0,-37.671459999999996,145.03232
ID728957699,3 Deidre Ct,3,h,895000.0,10/09/2016,1.0,6.0,1063.0,44.0,-37.7249,144.8728
ID771687563,1/514 Bluff Rd,3,t,820000.0,27/11/2016,2.0,2.0,0.0,69.0,-37.9368,145.0242
ID909674036,18b Marara Rd,2,h,1115000.0,22/08/2016,1.0,1.0,402.0,14.0,-37.8967,145.0313
ID730334824,7/3 Ashley St,2,h,450000.0,1/07/2017,2.0,2.0,74.0,18.0,-37.84646,145.22591
ID432066607,92 Glenroy Rd,4,h,750000.0,3/06/2017,2.0,3.0,659.0,39.0,-37.70619,144.92916
ID221039652,80 Judkins Av,4,h,567000.0,26/08/2017,2.0,3.0,632.0,34.0,-37.86495,144.69718999999995
ID232342115,6/11 Rose St,2,u,465000.0,14/05/2016,1.0,1.0,795.0,49.0,-37.7744,145.0415
ID930846418,1/316 Tucker Rd,2,h,758000.0,4/03/2017,1.0,1.0,250.0,59.0,-37.9063,145.0535
ID888086964,90 Bennett St,3,h,1400000.0,16/09/2017,2.0,2.0,9338.0,59.0,-37.781009999999995,144.98843
ID710316474,122 Stephen St,1,u,510000.0,11/02/2017,1.0,2.0,0.0,15.0,-37.8173,144.894
ID704361016,56 Packington St,3,h,1720000.0,25/02/2017,2.0,2.0,183.0,20.0,-37.8562,145.0042
ID567019582,4/77 Pender St,2,u,350000.0,18/06/2016,1.0,1.0,0.0,59.0,-37.7542,145.01
ID134324478,1/34 Clarence St,3,u,1240000.0,7/11/2016,2.0,2.0,319.0,29.0,-37.8922,145.0112
ID203681229,16 Clematis St,4,h,1790000.0,9/09/2017,2.0,2.0,742.0,49.0,-37.87738,145.18083000000001
ID264819932,127 Stanhope St,4,h,1060000.0,16/09/2017,3.0,2.0,512.0,99.0,-37.79487,144.86353
ID730167415,22 Ross St,2,h,895000.0,23/04/2016,1.0,1.0,147.0,104.0,-37.8849,144.9993
ID986470364,171 Moreland Rd,4,h,145000.0,4/06/2016,1.0,1.0,536.0,109.0,-37.7555,144.9658
ID858760589,52 Parkmore Rd,2,h,1020000.0,15/07/2017,1.0,1.0,581.0,49.0,-37.84207,145.17795
ID968608606,4 French Ct,3,h,660000.0,3/12/2016,1.0,0.0,583.0,49.0,-37.7137,145.0778
ID968167037,4/19 Gray St,1,u,370000.0,8/10/2016,1.0,1.0,0.0,49.0,-37.9205,145.0528
ID913030475,43 Fewster Rd,4,h,1250000.0,10/09/2016,3.0,2.0,398.0,5.0,-37.9381,145.0161
ID719152051,18 Barnett St,3,h,700000.0,22/05/2016,1.0,4.0,505.0,59.0,-37.7817,144.8448
ID239949527,41 Grout St,4,h,2550000.0,16/09/2017,2.0,2.0,620.0,26.0,-37.934779999999996,145.01156
ID948559909,1/37 Hillside Gr,3,h,600000.0,4/03/2017,1.0,1.0,290.0,39.0,-37.7273,144.8744
ID827252078,16 Cortina Pl,4,h,1300000.0,20/05/2017,3.0,2.0,656.0,29.0,-37.7522,144.8659
ID523715930,35/24 Craig St,3,h,650000.0,27/11/2016,2.0,2.0,176.0,39.0,-37.7432,144.8816
ID161134806,73 Pridham St,3,h,1610000.0,16/09/2017,2.0,1.0,111.0,129.0,-37.85169000000001,145.00557
ID816620119,122 McIntosh Rd,3,h,590000.0,23/04/2016,1.0,2.0,561.0,11.0,-37.8444,144.8491
ID554304667,395 High St,2,h,1310000.0,18/03/2017,1.0,1.0,162.0,49.0,-37.8528,145.0017
ID656457804,17 Arkle St,2,h,1460000.0,18/03/2017,1.0,2.0,227.0,89.0,-37.8543,145.003
ID174689097,92 Sterling Dr,4,h,698000.0,27/05/2017,2.0,2.0,535.0,54.0,-37.740829999999995,144.85545
ID459415617,6 Kingsley St,4,h,3550000.0,13/05/2017,2.0,1.0,790.0,129.0,-37.8269,145.0661
ID462466339,29 Martin St,3,h,1271000.0,22/04/2017,2.0,2.0,330.0,11.0,-37.7524,145.06
ID691420488,1 Frogmore Rd,3,h,1600000.0,7/05/2016,2.0,2.0,751.0,96.0,-37.8945,145.0648
ID915526176,14 Wolangi Ct,4,h,1028000.0,8/07/2017,3.0,4.0,925.0,39.0,-37.692609999999995,145.1105
ID867379723,11 Henderson St,4,h,1500000.0,12/08/2017,2.0,3.0,444.0,22.0,-37.7628,144.94011
ID582160240,21 Wards Gr,4,h,1206000.0,8/10/2016,1.0,1.0,636.0,79.0,-37.925,145.0612
ID266878125,7/297 Dandenong Rd,2,u,480000.0,18/03/2017,1.0,2.0,0.0,49.0,-37.8592,145.0054
ID831646807,110 Bayview St,3,h,1200000.0,4/06/2016,2.0,2.0,315.0,29.0,-37.8595,144.8868
ID329865020,25 Castlewellan Bvd,4,h,1111000.0,19/08/2017,2.0,2.0,2002.0,69.0,-37.69547,144.73018000000005
ID841488589,102 Melville Rd,2,h,900000.0,14/05/2016,1.0,1.0,410.0,85.0,-37.7613,144.9446
ID555672596,4/425 Station St,4,h,880000.0,4/03/2017,2.0,2.0,206.0,16.0,-37.828,145.1215
ID205381193,132 Coronation St,3,h,1035000.0,6/08/2016,2.0,2.0,275.0,99.0,-37.8118,144.8801
ID645120918,330 Balaclava Rd,4,h,1300000.0,20/05/2017,1.0,1.0,443.0,54.0,-37.8738,145.0349
ID134006565,102/95 Ormond Rd,1,u,490000.0,29/04/2017,1.0,1.0,0.0,17.0,-37.8852,144.9877
ID892120510,44 Widford St,3,h,688000.0,15/10/2016,1.0,4.0,700.0,19.0,-37.7022,144.924
ID283659237,8 McCubbin St,3,h,910000.0,6/08/2016,1.0,1.0,361.0,79.0,-37.7913,144.8879
ID551403262,5 Robin Ct,4,h,1782000.0,25/02/2017,3.0,3.0,586.0,17.0,-37.7739,145.1287
ID618939508,71 Palmer St,2,h,888000.0,20/05/2017,1.0,0.0,112.0,119.0,-37.8001,144.9901
ID211417328,18 Benjamin St,3,h,860000.0,15/07/2017,1.0,3.0,446.0,109.0,-37.79354,144.8328
ID342980138,29 Jackson St,3,h,1155000.0,27/11/2016,2.0,3.0,653.0,69.0,-37.7396,144.8887
ID687796189,3/29 Mount Pleasant Rd,2,u,676000.0,8/07/2017,1.0,1.0,149.0,49.0,-37.8231,145.17911
ID924636498,63 The Corso,4,h,2475000.0,26/08/2017,3.0,3.0,665.0,3.0,-37.99508,145.07544
ID740277966,76 Daley St,2,h,605000.0,16/09/2017,1.0,6.0,589.0,39.0,-37.69708,144.92967
ID692234480,8 Campbell St,3,h,1528500.0,4/03/2017,1.0,1.0,375.0,89.0,-37.8015,145.0505
ID553048175,14 Iramoo St,4,h,3050000.0,17/06/2017,4.0,2.0,613.0,10.0,-37.81167,145.08595
ID145242197,44 Roseleigh Bvd,3,h,620000.0,22/07/2017,2.0,2.0,360.0,19.0,-37.70686,144.76989
ID988893746,23 High St,3,h,1310000.0,12/08/2017,1.0,2.0,717.0,36.0,-37.826879999999996,145.17163
ID423269579,51 Hunter St,2,h,1145000.0,19/11/2016,1.0,1.0,197.0,59.0,-37.8215,145.0054
ID344102950,42 Maud St,3,h,1480000.0,15/10/2016,1.0,4.0,605.0,69.0,-37.7951,145.0696
ID726539874,8/359 Balaclava Rd,1,u,290000.0,10/12/2016,1.0,1.0,952.0,49.0,-37.8744,145.0371
ID333488360,17 Gordon St,3,t,900000.0,13/05/2017,2.0,2.0,575.0,2.0,-37.8389,144.8666
ID824704215,2/8 View St,2,u,521500.0,8/10/2016,1.0,1.0,0.0,49.0,-37.7262,144.9273
ID432018500,44 Morey St,4,h,1500000.0,22/04/2017,2.0,2.0,468.0,22.0,-37.8417,145.097
ID176948088,25C MacKay St,4,h,850000.0,3/09/2017,2.0,2.0,584.0,19.0,-37.97291,145.15334
ID250822865,2/99 Spray St,2,u,570000.0,26/07/2016,1.0,1.0,0.0,79.0,-37.8831,144.9855
ID805744385,9 Bond St,3,h,735000.0,8/07/2017,1.0,1.0,626.0,69.0,-37.71425,144.95013
ID403955045,13 Tennyson St,3,h,1080000.0,19/08/2017,1.0,2.0,652.0,44.0,-37.95422,145.054
ID936732137,104 Hannan St,4,h,2050000.0,22/05/2016,2.0,2.0,648.0,8.0,-37.8601,144.8879
ID595616519,20 Hilton St,2,h,973000.0,12/08/2017,1.0,0.0,163.0,49.0,-37.793,144.98763
ID785086107,74 Hunter St,3,h,1250000.0,27/05/2017,1.0,1.0,111.0,69.0,-37.82137,145.00512
ID756543777,2/175 Kent St,2,t,855000.0,10/09/2016,1.0,1.0,92.0,49.0,-37.815,145.00799999999995
ID857908254,153 Coronation St,3,h,967500.0,18/03/2017,1.0,1.0,325.0,129.0,-37.812,144.8804
ID814084671,1/60 The Parade,2,u,690000.0,22/05/2016,1.0,1.0,0.0,119.0,-37.7728,144.9169
ID147185510,2A Edyvean St,3,h,1185000.0,25/02/2017,2.0,2.0,267.0,19.0,-37.8302,145.1046
ID114414340,110/171 Flemington Rd,2,u,550000.0,7/11/2016,1.0,2.0,0.0,44.0,-37.7955,144.9492
ID561485525,7 Pridham St,5,h,1151000.0,27/06/2016,2.0,5.0,694.0,69.0,-37.7819,144.8901
ID143029438,1c Hazel Gr,2,t,530000.0,8/10/2016,1.0,1.0,156.0,15.0,-37.7311,144.9395
ID519834929,34 Haughton Pde,4,h,1150000.0,13/05/2017,1.0,2.0,672.0,119.0,-37.7438,145.0769
ID759206785,131 Odessa Av,3,h,620000.0,8/07/2017,1.0,4.0,650.0,34.0,-37.71575,144.80598
ID697215319,10 Beryl St,3,h,1390000.0,24/06/2017,1.0,2.0,793.0,17.0,-37.74944,144.88478999999995
ID141393770,9 Queen St,4,h,1920000.0,4/06/2016,1.0,1.0,805.0,94.0,-37.9066,145.0354
ID314677745,8 Rose St,4,h,2435000.0,6/08/2016,2.0,2.0,795.0,91.0,-37.9166,145.0314
ID336552574,17 Goodman St,2,h,916000.0,24/09/2016,1.0,0.0,1328.0,129.0,-37.773,144.9568
ID497543366,32 Kynoch St,4,h,650000.0,24/06/2017,2.0,2.0,709.0,49.0,-37.76336,144.7725
ID597820731,234 Victoria St,2,h,1026000.0,3/09/2016,1.0,0.0,225.0,114.0,-37.7676,144.9665
ID156683672,22 Almay Gr,3,h,1220000.0,6/08/2016,1.0,1.0,858.0,59.0,-37.7504,145.0643
ID443991431,4/1 Winbourne Rd,2,u,620000.0,27/05/2017,1.0,1.0,190.0,26.0,-37.87677,145.11961000000005
ID990987360,2/2 Dundas St,2,u,450000.0,18/03/2017,1.0,1.0,0.0,49.0,-37.7526,145.0023
ID508879962,10/14 Cromwell Rd,2,u,499000.0,8/04/2017,1.0,1.0,0.0,49.0,-37.8452,145.0001
ID909084976,205/201 High St,2,u,475000.0,29/04/2017,1.0,1.0,0.0,114.0,-37.8519,144.9948
ID807949026,1/6 Parnell St,4,t,1970000.0,27/05/2017,2.0,2.0,470.0,44.0,-37.89359,145.01266999999999
ID873575216,11 Church St,3,h,1100500.0,19/08/2017,2.0,2.0,427.0,83.0,-37.79105,144.87913999999995
ID863435956,20 Salisbury Gr,2,h,790000.0,10/09/2016,1.0,1.0,136.0,19.0,-37.7651,145.0027
ID223640086,180 Grandview Gr,6,h,1245000.0,16/04/2016,3.0,4.0,911.0,49.0,-37.7312,145.0635
ID415391511,4 Farnham St,3,h,1115000.0,27/11/2016,1.0,1.0,244.0,79.0,-37.7823,144.9278
ID195972061,1/1 Cherryhinton St,2,u,790000.0,4/03/2017,1.0,1.0,195.0,54.0,-37.826,145.129
ID418692059,25 Allan St,4,h,875000.0,8/10/2016,1.0,4.0,559.0,54.0,-37.8448,144.8529
ID394723741,84 Raleigh St,2,h,760000.0,16/04/2016,1.0,0.0,0.0,119.0,-37.7595,145.0061
ID817600928,403/19 Pentridge Bvd,2,u,470000.0,18/06/2016,2.0,1.0,0.0,49.0,-37.7379,144.9683
ID738089025,35 Adrian St,5,h,2400000.0,30/07/2016,3.0,2.0,709.0,89.0,-37.8529,145.0806
ID478299231,103 Pleasant Rd,5,h,1900000.0,28/05/2016,3.0,3.0,0.0,49.0,-37.8351,145.0554
ID479937345,2/15 Jasper Rd,2,u,725000.0,13/08/2016,1.0,1.0,227.0,29.0,-37.9326,145.0387
ID164662966,301/228 The Avenue,3,u,1560000.0,27/05/2017,2.0,1.0,2431.0,69.0,-37.78212,144.95755
ID695539907,52 Powell St,4,h,1200000.0,12/08/2017,2.0,2.0,499.0,79.0,-37.72614,144.99892
ID157232255,7 Marigolds Rd,3,h,984000.0,29/04/2017,2.0,2.0,552.0,59.0,-37.7285,145.0851
ID509322705,3/1 Carmichael St,2,t,510000.0,18/03/2017,2.0,1.0,0.0,89.0,-37.7991,144.879
ID418004158,18 Pitt St,3,h,920000.0,15/10/2016,1.0,0.0,121.0,9.0,-37.7957,144.9725
ID193361997,3a Fraser St,2,h,861000.0,14/05/2016,1.0,1.0,0.0,17.0,-37.9026,145.0364
ID196783701,11 Grange Rd,3,h,975500.0,26/08/2017,1.0,1.0,697.0,109.0,-37.73254,144.88321000000005
ID703674992,5/67 Oxford St,2,h,680000.0,23/04/2016,1.0,1.0,229.0,19.0,-37.8368,144.8768
ID309766595,160 Duke St,2,h,826000.0,16/07/2016,1.0,2.0,667.0,69.0,-37.7799,144.8473
ID806731145,1/76 Queen St,2,u,801250.0,26/08/2017,1.0,1.0,245.0,139.0,-37.870459999999994,144.83482
ID975636778,7 Loddon Av,3,h,935000.0,16/09/2017,1.0,2.0,768.0,129.0,-37.7234,145.0266
ID432725863,1/233 Huntingdale Rd,3,u,637000.0,26/07/2016,1.0,2.0,119.0,49.0,-37.9058,145.1043
ID653863161,14 King St,3,h,1300000.0,27/11/2016,1.0,0.0,309.0,129.0,-37.775999999999996,144.9832
ID639200606,503/99 River St,2,u,978500.0,4/03/2017,2.0,2.0,17200.0,19.0,-37.8361,144.9966
ID836403848,2/40 Carrol Gr,3,u,870000.0,24/06/2017,2.0,2.0,264.0,823.0,-37.892509999999994,145.11121
ID900610393,558 Waverley Rd,3,h,1500000.0,18/03/2017,1.0,2.0,888.0,133.0,-37.8799,145.0738
ID497397584,12 Inkerman St,3,h,1005000.0,22/07/2017,1.0,5.0,653.0,89.0,-37.786390000000004,144.88214
ID868111996,31 Johnson St,3,h,1350000.0,7/05/2016,1.0,2.0,332.0,79.0,-37.8131,145.005
ID623485052,25 Darebin Ct,3,h,370000.0,16/09/2017,1.0,1.0,784.0,41.0,-37.658770000000004,144.91191
ID984022149,101 Roberts St,3,h,1050000.0,4/06/2016,2.0,1.0,462.0,59.0,-37.8128,144.8695
ID294220318,77 Hillsyde Pde,2,h,790000.0,3/06/2017,2.0,1.0,213.0,29.0,-37.73519,144.92373999999995
ID709975504,11/1051 Pascoe Vale Rd,2,u,280000.0,16/04/2016,1.0,1.0,197.0,69.0,-37.6859,144.9164
ID353871105,1/14 Alexander St,2,u,420000.0,30/07/2016,1.0,1.0,0.0,49.0,-37.8253,145.1205
ID531975557,115 Page St,4,h,4735000.0,25/02/2017,2.0,1.0,330.0,109.0,-37.8477,144.9558
ID620478398,26 Leila Rd,3,h,1716000.0,28/08/2016,2.0,1.0,817.0,94.0,-37.9007,145.047
ID366618312,105 Dover Rd,4,t,830000.0,24/09/2016,1.0,2.0,0.0,119.0,-37.8519,144.8968
ID601210332,19/337 Station St,3,t,900000.0,3/09/2017,2.0,2.0,120.0,19.0,-37.76343,145.02096
ID191645809,421 Murray Rd,4,h,760000.0,22/05/2016,8.0,7.0,1254.0,91.0,-37.7367,144.9895
ID309616707,2/585 Burwood Hwy,3,u,750000.0,3/06/2017,2.0,1.0,302.0,3.0,-37.85732,145.19195
ID915141843,29 Hanley St,3,h,655000.0,1/07/2017,2.0,2.0,731.0,47.0,-38.029379999999996,145.31876
ID250553363,496 Victoria Pde,4,h,1475000.0,18/06/2016,1.0,1.0,179.0,9.0,-37.8099,144.9879
ID226459338,140/73 River St,2,u,604000.0,22/05/2016,2.0,2.0,0.0,10.0,-37.8189,145.0131
ID588354884,27 Burnewang St,2,h,670000.0,15/10/2016,1.0,2.0,697.0,69.0,-37.7835,144.8176
ID996524407,31/15 River Bvd,2,u,750000.0,22/05/2016,2.0,1.0,0.0,19.0,-37.8128,145.0133
ID430139328,15 Metcalf Wy,4,h,698000.0,15/07/2017,2.0,2.0,448.0,7.0,-37.8914,144.72014
ID208331618,7 Kampman St,4,h,1300000.0,18/03/2017,2.0,2.0,744.0,34.0,-37.7791,145.086
ID575998373,4 Casey Dr,3,h,521000.0,3/06/2017,1.0,2.0,589.0,44.0,-37.670559999999995,145.03698
ID551121782,2/27 Georges Rd,3,u,766000.0,3/06/2017,1.0,2.0,327.0,59.0,-37.80905,145.23533999999995
ID747091306,67 Hawtin St,4,h,1205000.0,12/08/2017,2.0,2.0,646.0,39.0,-37.758070000000004,145.13478
ID821486681,1/10 Oriel Rd,3,t,700000.0,27/06/2016,2.0,1.0,189.0,29.0,-37.7661,145.0354
ID408734653,44 Meek St,4,h,2260000.0,26/08/2017,2.0,2.0,881.0,4.0,-37.90217,144.99337
ID947501353,2 Rodney Cl,4,h,1500000.0,19/08/2017,2.0,2.0,657.0,83.0,-37.90466,145.19433999999995
ID972993404,41 Burgundy Dr,3,h,1180000.0,15/10/2016,1.0,2.0,657.0,59.0,-37.7807,145.1193
ID482634167,15 Prior Rd,3,h,1335000.0,27/11/2016,2.0,2.0,606.0,54.0,-37.8831,145.0879
ID142511035,50 Lewisham Rd,3,h,2368000.0,27/06/2016,2.0,1.0,322.0,49.0,-37.8547,144.9995
ID574026314,4 Ananda Ct,3,h,711000.0,14/05/2016,1.0,2.0,658.0,59.0,-37.7147,145.0752
ID476132768,29 Rosamond Rd,3,h,725000.0,7/11/2016,1.0,2.0,305.0,59.0,-37.7858,144.8834
ID943577217,27 McPhail St,3,h,1315000.0,29/07/2017,3.0,1.0,226.0,19.0,-37.75485,144.9119
ID131655855,5 Koorang La,3,h,1100000.0,18/06/2016,2.0,1.0,66.0,6.0,-37.8181,145.007
ID602875596,20 Howitt St,4,h,2376000.0,12/11/2016,2.0,2.0,652.0,94.0,-37.8479,145.0557
ID759466564,15 Caroline St,3,h,1460000.0,27/05/2017,1.0,0.0,192.0,119.0,-37.78992,144.99845
ID485268308,14 Henry St,2,h,1112000.0,12/06/2016,1.0,2.0,238.0,49.0,-37.7732,144.9957
ID234847067,23 Arthur Av,5,h,3000000.0,12/08/2017,3.0,2.0,818.0,57.0,-37.92335,144.99982
ID957922158,42 Byron Rd,3,h,811000.0,8/07/2017,1.0,3.0,992.0,62.0,-37.80467,145.30297
ID464434256,44 Beatty St,5,h,1730000.0,17/09/2016,2.0,2.0,689.0,12.0,-37.7591,145.04
ID376022471,13 Shackell St,4,h,1000000.0,23/09/2017,2.0,1.0,343.0,39.0,-37.74234000000001,144.95168999999999
ID622192501,10 Wilson Gr,2,h,1402000.0,13/05/2017,1.0,0.0,429.0,129.0,-37.845,145.071
ID562178081,17 The Dell,4,h,859000.0,17/06/2017,2.0,3.0,660.0,3.0,-37.764359999999996,145.2804
ID375159816,28 Greendale Rd,3,h,1255000.0,24/06/2017,2.0,2.0,348.0,44.0,-37.79759,145.16422
ID776709746,12 Westwood Dr,3,h,1320000.0,3/06/2017,1.0,3.0,902.0,129.0,-37.78006,145.10169
ID967496617,12 Ibis Pl,3,h,884500.0,30/07/2016,2.0,2.0,211.0,14.0,-37.7848,144.8969
ID936876987,5/467 King St,2,u,620000.0,28/05/2016,1.0,1.0,0.0,17.0,-37.8091,144.952
ID436474406,11 Pamela St,3,h,1451000.0,16/09/2017,2.0,1.0,730.0,49.0,-37.88494,145.11951000000005
ID615395907,43 Highbury Gr,3,h,1651000.0,16/04/2016,1.0,2.0,294.0,131.0,-37.8558,145.0072
ID561733642,50a Rennie St,2,h,860000.0,24/09/2016,1.0,1.0,483.0,79.0,-37.7509,144.9696
ID759999752,9 Marchant Av,4,h,1190000.0,23/09/2017,2.0,3.0,650.0,21.0,-37.715559999999996,145.01129
ID405599315,7/75 Droop St,2,u,360000.0,20/05/2017,1.0,1.0,761.0,119.0,-37.7953,144.8957
ID689167761,3 Dumblane St,5,h,3300000.0,3/12/2016,4.0,2.0,760.0,4.0,-37.7907,145.0907
ID945488011,12/66 Riddell Pde,2,u,626000.0,17/09/2016,1.0,1.0,1764.0,89.0,-37.8889,145.0043
ID149055243,7/110 Miller St,1,u,330000.0,6/05/2017,1.0,1.0,0.0,49.0,-37.777,144.9836
ID353871105,1/14 Alexander St,2,u,420000.0,30/07/2016,1.0,1.0,0.0,49.0,-37.8253,145.1205
ID750985232,16 York St,3,h,722000.0,28/08/2016,1.0,3.0,781.0,69.0,-37.7048,144.9097
ID925081860,225 Gillies St,3,h,1055000.0,27/06/2016,1.0,2.0,382.0,69.0,-37.7696,145.0188
ID513659888,30 Ashton St,3,h,731000.0,3/12/2016,1.0,2.0,779.0,69.0,-37.7292,145.0214
ID654098935,21/62 Wattletree Rd,2,u,821000.0,12/08/2017,2.0,1.0,3093.0,13.0,-37.86165,145.02148
ID902476559,14 Duncan Ct,4,h,675000.0,8/07/2017,2.0,4.0,744.0,49.0,-37.6815,144.87892
ID579417244,3 Bruthen St,3,h,1175000.0,1/07/2017,2.0,6.0,650.0,125.0,-37.9379,145.05456
ID169385566,81 Parramatta Rd,3,h,470000.0,16/09/2017,1.0,2.0,640.0,34.0,-37.88537,144.65337
ID384280028,19 Glassford St,3,h,2365000.0,18/06/2016,2.0,1.0,316.0,53.0,-37.8521,145.019
ID738089025,35 Adrian St,5,h,2400000.0,30/07/2016,3.0,2.0,709.0,89.0,-37.8529,145.0806
ID551403262,5 Robin Ct,4,h,1782000.0,25/02/2017,3.0,3.0,586.0,17.0,-37.7739,145.1287
ID430139328,15 Metcalf Wy,4,h,698000.0,15/07/2017,2.0,2.0,448.0,7.0,-37.8914,144.72014
ID713855674,30 Don Av,3,h,536500.0,15/07/2017,2.0,4.0,578.0,47.0,-37.873259999999995,144.69103
ID416987662,36/73 River St,2,u,592000.0,9/09/2017,2.0,1.0,14294.0,13.0,-37.81894000000001,145.01314
ID638555880,3/25 Thomas St,2,u,692500.0,3/09/2017,1.0,1.0,145.0,49.0,-37.84197,145.09374
ID168149733,398 Wattletree Rd,3,h,1750000.0,22/08/2016,1.0,2.0,562.0,21.0,-37.8657,145.0536
ID747091306,67 Hawtin St,4,h,1205000.0,12/08/2017,2.0,2.0,646.0,39.0,-37.758070000000004,145.13478
ID309616707,2/585 Burwood Hwy,3,u,750000.0,3/06/2017,2.0,1.0,302.0,3.0,-37.85732,145.19195
ID608433812,79 Darebin Bvd,3,h,622500.0,17/09/2016,1.0,1.0,456.0,59.0,-37.7038,145.0281
