,order_id,date,time,order_type,branch_code,order_items,order_price,customer_lat,customer_lon,customerHasloyalty?,distance_to_customer_KM,delivery_fee
0,ORDZ02701,2018-03-24,10:42:15,Breakfast,NS,"[('Cereal', 3), ('Coffee', 3), ('Eggs', 9)]",283.5,-37.819338,144.9851526,0,9.03,15.6477929
1,ORDY10919,2018-08-22,15:46:28,Lunch,TP,"[('Steak', 7), ('Chicken', 6), ('Burger', 9), ('Salad', 2), ('Fries', 9)]",928.4,-37.8110631,144.9503575,0,9.308,12.843768699999998
2,ORDZ06306,2018-09-23,16:47:19,Dinner,NS,"[('Pasta', 6), ('Shrimp', 2), ('Salmon', 2), ('Fish&Chips', 10)]",705.0,-37.8090886,144.92914380000002,0,9.907,17.8489145
3,ORDX00059,2018-08-27,15:56:37,Lunch,BK,"[('Burger', 8), ('Salad', 9), ('Chicken', 9)]",690.8,-37.8046514,144.9377347,0,10.141,16.3312027
4,ORDA09339,2018-01-11,08:20:16,Breakfast,BK,"[('Eggs', 6), ('Coffee', 5)]",169.5,-37.8072596,144.95739609999998,1,8.19,6.7565836
5,ORDZ02685,2018-02-01,09:00:50,Breakfast,NS,"[('Cereal', 3), ('Eggs', 6), ('Coffee', 8)]",255.0,-37.8246219,144.989621,0,9.703,15.168486300000001
6,ORDZ05528,2018-04-09,11:12:40,Breakfast,NS,"[('Pancake', 8), ('Cereal', 7), ('Coffee', 2), ('Eggs', 2)]",400.0,-37.8024309,144.94363930000003,0,8.774,13.419972199999998
7,ORDZ00430,2018-12-11,19:19:26,Dinner,NS,"[('Pasta', 10), ('Salmon', 8)]",603.0,-37.8153198,144.9365331,0,9.959,16.3784922
8,ORDI08401,2018-11-17,18:38:52,Dinner,NS,"[('Shrimp', 8), ('Pasta', 4)]",542.0,-37.8066989,144.94151509999998,0,9.435,17.974376100000004
9,ORDK07541,2018-01-16,08:30:25,Breakfast,BK,"[('Pancake', 7), ('Eggs', 8), ('Coffee', 4), ('Cereal', 7)]",522.75,-37.8051508,144.9280879,1,10.738,7.806881599999999
10,ORDX06262,2018-05-16,12:23:39,Lunch,BK,"[('Steak', 5), ('Salad', 3), ('Chicken', 3), ('Fries', 2), ('Burger', 7)]",613.6,-37.808086100000004,144.9708971,0,7.085,13.0574189
11,ORDB00047,2018-05-05,12:03:22,Lunch,TP,"[('Salad', 5), ('Steak', 10)]",536.0,-37.8189445,144.94667980000003,0,9.17,13.824771300000002
12,ORDX05810,2018-09-16,16:37:10,Dinner,BK,"[('Fish&Chips', 6), ('Shrimp', 4), ('Salmon', 4)]",590.0,-37.80376210000001,144.9798642,0,6.49,15.4694185
13,ORDC04698,2018-06-26,13:44:47,Lunch,NS,"[('Steak', 1), ('Fries', 6), ('Salad', 3), ('Chicken', 6), ('Burger', 9)]",639.6,-37.825772,144.9844382,0,9.534,15.2678902
14,ORDC03379,2018-08-06,15:05:54,Lunch,NS,"[('Salad', 9), ('Chicken', 8), ('Burger', 7), ('Fries', 3), ('Steak', 8)]",1023.8,-37.8047683,144.9981308,0,8.988,14.7187742
15,ORDX10845,2018-09-12,16:27:02,Dinner,BK,"[('Salmon', 3), ('Fish&Chips', 7), ('Shrimp', 3)]",530.0,-37.7997424,144.9920191,0,5.885,12.8875335
16,ORDC08679,2018-07-07,14:05:04,Lunch,NS,"[('Steak', 3), ('Chicken', 4)]",263.0,-37.801750899999995,144.9950977,0,8.532,15.527685199999999
17,ORDI00337,2018-01-27,08:50:42,Breakfast,NS,"[('Cereal', 3), ('Coffee', 1), ('Pancake', 8)]",264.5,-37.816446500000005,144.95527969999998,0,8.768,15.891475400000001
18,ORDY03228,2018-11-16,18:28:43,Dinner,TP,"[('Fish&Chips', 9), ('Salmon', 10), ('Shrimp', 8), ('Pasta', 6)]",1322.0,-37.81497529999999,145.0045748,0,11.327,14.9057013
19,ORDB08475,2018-10-03,17:07:36,Dinner,TP,"[('Pasta', 7), ('Salmon', 4), ('Fish&Chips', 5)]",531.5,-37.8023967,144.9634554,0,9.486,13.0659693
20,ORDY06474,2018-10-14,17:27:53,Dinner,TP,"[('Pasta', 5), ('Salmon', 1), ('Shrimp', 6), ('Fish&Chips', 2)]",572.5,-37.818928799999995,144.9637475,0,7.947,13.608426300000001
21,ORDC00793,2018-08-07,15:16:03,Lunch,NS,"[('Steak', 10), ('Burger', 8), ('Salad', 7)]",818.4,-37.8108766,145.01413080000003,0,10.744,16.1140606
22,ORDA05936,2018-08-29,15:56:37,Lunch,BK,"[('Salad', 1), ('Burger', 8)]",265.2,-37.8118155,144.95578999999998,0,8.149,13.8450432
23,ORDY09122,2018-07-18,14:35:29,Lunch,TP,"[('Steak', 3), ('Salad', 4), ('Burger', 3), ('Chicken', 3)]",392.8,-37.8056745,144.9767253,0,9.54,12.9759086
24,ORDZ07257,2018-01-01,08:00:00,Breakfast,NS,"[('Cereal', 7), ('Eggs', 8), ('Pancake', 2)]",371.5,-37.8214836,144.9612666,1,9.093,6.6000239
25,ORDY07072,2018-12-02,19:09:17,Dinner,TP,"[('Salmon', 5), ('Pasta', 8)]",425.0,-37.8189447,144.9586486,0,7.912,13.9406826
26,ORDC07206,2018-01-28,08:50:42,Breakfast,NS,"[('Pancake', 4), ('Coffee', 9), ('Cereal', 6)]",290.5,-37.8246362,144.9568396,0,9.698,16.5171639
27,ORDI07974,2018-07-21,14:35:29,Lunch,NS,"[('Burger', 2), ('Steak', 7), ('Fries', 4), ('Chicken', 8), ('Salad', 10)]",853.0,-37.808456400000004,144.93822169999999,0,10.169,17.924109299999998
28,ORDA00259,2018-07-11,14:15:12,Lunch,BK,"[('Steak', 7), ('Chicken', 3)]",411.0,-37.799950200000005,144.97711,0,7.071,12.933442900000001
29,ORDJ02437,2018-05-21,12:33:48,Lunch,TP,"[('Burger', 9), ('Chicken', 2), ('Steak', 1), ('Fries', 4)]",436.0,-37.805473600000006,144.95798,0,9.153,11.8780562
30,ORDB01719,2018-02-25,09:41:24,Breakfast,TP,"[('Cereal', 2), ('Coffee', 5), ('Pancake', 5)]",200.75,-37.8203864,144.9753197,0,8.345,12.2385521
31,ORDX03168,2018-07-05,14:05:04,Lunch,BK,"[('Chicken', 6), ('Steak', 7), ('Fries', 4), ('Salad', 9)]",709.8,-37.8007919,144.9701024,0,7.455,13.2574576
32,ORDB07704,2018-11-22,18:49:00,Dinner,TP,"[('Shrimp', 1), ('Salmon', 3)]",177.0,-37.811226,144.9731407,0,8.871,13.0566769
33,ORDI07902,2018-07-13,14:25:21,Lunch,NS,"[('Fries', 4), ('Salad', 3), ('Steak', 10)]",549.6,-37.8234498,144.9770781,0,9.042,14.3652544
34,ORDX08500,2018-05-03,12:03:22,Lunch,BK,"[('Steak', 8), ('Salad', 3)]",411.6,-37.805980600000005,144.93913480000003,0,9.647,15.240554699999999
35,ORDA02609,2018-01-28,08:50:42,Breakfast,BK,"[('Pancake', 4), ('Eggs', 9), ('Coffee', 7)]",347.5,-37.82102329999999,144.955056,0,8.588,15.5087135
36,ORDA04544,2018-08-26,15:46:28,Lunch,BK,"[('Steak', 3), ('Fries', 8), ('Salad', 7), ('Chicken', 5), ('Burger', 6)]",697.4,-37.8120823,144.9383737,0,10.409,18.7139632
37,ORDB00801,2018-05-10,12:13:31,Lunch,TP,"[('Chicken', 2), ('Steak', 4), ('Fries', 6), ('Burger', 4), ('Salad', 9)]",594.8,-37.7993521,144.9640569,0,9.826,13.3204021
38,ORDA05118,2018-09-01,15:56:37,Lunch,BK,"[('Fries', 2), ('Burger', 4), ('Salad', 6), ('Steak', 8), ('Chicken', 9)]",899.2,-37.8167573,144.95427709999998,0,8.565,17.1545557
39,ORDA08915,2018-10-19,17:38:01,Dinner,BK,"[('Shrimp', 7), ('Pasta', 5), ('Salmon', 7), ('Fish&Chips', 6)]",1012.5,-37.818590500000006,144.96699669999998,0,7.589,14.9533521
40,ORDA05675,2018-05-30,12:54:05,Lunch,BK,"[('Burger', 8), ('Salad', 9), ('Chicken', 5), ('Steak', 4), ('Fries', 5)]",802.8,-37.81749620000001,144.9900733,0,5.665,11.643558800000001
41,ORDZ05757,2018-05-15,12:23:39,Lunch,NS,"[('Fries', 10), ('Steak', 5), ('Salad', 7), ('Chicken', 10)]",785.4,-37.82404520000001,144.9538112,0,9.833,15.892118900000002
42,ORDX06363,2018-07-10,14:15:12,Lunch,BK,"[('Fries', 10), ('Steak', 1), ('Chicken', 6)]",357.0,-37.8243669,144.9827426,0,7.061,12.662038699999998
43,ORDX01704,2018-08-19,15:36:20,Lunch,BK,"[('Burger', 7), ('Steak', 4)]",397.0,-37.8043,144.9458355,0,9.06,17.5812308
44,ORDJ02606,2018-05-23,12:43:56,Lunch,TP,"[('Steak', 8), ('Fries', 7), ('Salad', 7), ('Burger', 3)]",657.4,-37.8151172,144.98408840000002,0,9.326,12.6851411
45,ORDC06458,2018-09-01,16:06:45,Dinner,NS,"[('Shrimp', 1), ('Fish&Chips', 6), ('Salmon', 9)]",633.0,-37.8158559,144.9571644,0,8.603,16.8314378
46,ORDC07579,2018-10-09,17:17:44,Dinner,NS,"[('Pasta', 9), ('Salmon', 6), ('Fish&Chips', 4)]",633.5,-37.82166779999999,144.9737127,0,9.1,15.2151641
47,ORDJ01753,2018-11-18,18:38:52,Dinner,TP,"[('Pasta', 10), ('Salmon', 5)]",480.0,-37.819021899999996,145.0083311,0,11.367,17.106509
48,ORDY06992,2018-08-14,15:26:11,Lunch,TP,"[('Burger', 6), ('Chicken', 6), ('Fries', 2), ('Salad', 4), ('Steak', 5)]",695.8,-37.8232037,144.9559011,0,8.037,11.358417900000001
49,ORDB10596,2018-09-04,16:06:45,Dinner,TP,"[('Salmon', 3), ('Pasta', 4), ('Fish&Chips', 2)]",303.0,-37.809636100000006,144.9403393,0,10.814,15.007275400000001
50,ORDY00547,2018-03-13,10:21:58,Breakfast,TP,"[('Cereal', 7), ('Eggs', 2), ('Pancake', 6), ('Coffee', 9)]",404.0,-37.8238537,144.9811678,0,8.827,11.544064599999999
51,ORDA11026,2018-06-14,13:24:30,Lunch,BK,"[('Steak', 9), ('Burger', 10), ('Chicken', 4), ('Salad', 3), ('Fries', 5)]",954.6,-37.804544299999996,144.9535055,0,8.416,14.2319866
52,ORDY10078,2018-08-04,15:05:54,Lunch,TP,"[('Salad', 1), ('Chicken', 2)]",81.2,-37.80388610000001,144.9497499,0,9.972,14.8274307
53,ORDC01021,2018-03-08,10:11:49,Breakfast,NS,"[('Eggs', 7), ('Pancake', 2)]",202.5,-37.8079154,144.9733791,0,7.096,12.6305799
54,ORDI04525,2018-01-27,08:50:42,Breakfast,NS,"[('Cereal', 2), ('Pancake', 10), ('Eggs', 4), ('Coffee', 5)]",410.0,-37.810256700000004,144.93847150000002,0,9.776,17.292880800000002
55,ORDA05361,2018-06-17,13:34:38,Lunch,BK,"[('Burger', 9), ('Fries', 8)]",375.0,-37.801844,144.9813581,0,6.546,14.8962809
56,ORDA10068,2018-09-15,16:27:02,Dinner,BK,"[('Pasta', 2), ('Shrimp', 6)]",379.0,-37.815303899999996,144.97489119999997,0,6.721,16.4791496
57,ORDJ04525,2018-12-29,20:00:00,Dinner,TP,"[('Shrimp', 3), ('Fish&Chips', 5), ('Pasta', 7)]",529.5,-37.80949879999999,144.957498,0,8.917,14.751530599999999
58,ORDJ06555,2018-08-03,15:05:54,Lunch,TP,"[('Chicken', 9), ('Salad', 3), ('Burger', 4), ('Fries', 9), ('Steak', 4)]",751.6,-37.8140393,144.9856987,0,9.509,12.848921
59,ORDI02210,2018-11-01,18:08:27,Dinner,NS,"[('Salmon', 8), ('Pasta', 10), ('Shrimp', 1)]",657.0,-37.818783399999994,144.97004109999997,0,8.42,14.633552700000001
60,ORDB03864,2018-07-21,14:35:29,Lunch,TP,"[('Fries', 7), ('Salad', 7), ('Chicken', 7)]",428.4,-37.8122606,144.97354380000002,0,8.745,13.253356699999998
61,ORDY08021,2018-03-01,09:51:32,Breakfast,TP,"[('Eggs', 10), ('Cereal', 8), ('Pancake', 1)]",412.25,-37.823676299999995,144.9377404,0,9.77,12.3497743
62,ORDA05036,2018-12-29,20:00:00,Dinner,BK,"[('Shrimp', 5), ('Pasta', 9), ('Fish&Chips', 10), ('Salmon', 6)]",1113.5,-37.7965549,145.00944209999997,0,5.407,14.8008956
63,ORDJ10804,2018-08-10,15:16:03,Lunch,TP,"[('Salad', 5), ('Burger', 10)]",396.0,-37.8049874,144.9723977,0,9.709,13.3095888
64,ORDB02831,2018-01-10,08:10:08,Breakfast,TP,"[('Pancake', 6), ('Eggs', 1), ('Cereal', 4), ('Coffee', 6)]",296.5,-37.8139544,144.96364499999999,1,8.062,5.150266
65,ORDC02414,2018-05-07,12:03:22,Lunch,NS,"[('Burger', 4), ('Fries', 1), ('Steak', 4)]",316.0,-37.810149200000005,144.93203789999998,0,9.84,15.3866241
66,ORDA07327,2018-07-07,14:05:04,Lunch,BK,"[('Burger', 5), ('Chicken', 1), ('Salad', 10)]",359.0,-37.801750899999995,144.9950977,0,5.45,13.9442378
67,ORDJ06488,2018-02-11,09:21:07,Breakfast,TP,"[('Cereal', 7), ('Coffee', 6), ('Eggs', 7)]",346.0,-37.8158349,144.9738102,0,8.329,12.1844143
68,ORDZ01919,2018-12-15,19:29:34,Dinner,NS,"[('Shrimp', 8), ('Fish&Chips', 3), ('Salmon', 4)]",701.0,-37.8240357,144.9436033,0,10.591,18.892317600000002
69,ORDJ01246,2018-07-05,14:05:04,Lunch,TP,"[('Salad', 7), ('Chicken', 10)]",440.4,-37.813669,144.9469793,0,9.422,13.2930048
70,ORDC05168,2018-08-12,15:26:11,Lunch,NS,"[('Chicken', 7), ('Salad', 6), ('Fries', 4)]",375.2,-37.8129835,144.988359,0,8.766,16.381930999999998
71,ORDJ03690,2018-04-01,10:52:23,Breakfast,TP,"[('Pancake', 5), ('Eggs', 1)]",143.25,-37.81926729999999,144.9788564,0,8.668,12.692070900000001
72,ORDC06733,2018-10-17,17:38:01,Dinner,NS,"[('Salmon', 8), ('Pasta', 1), ('Shrimp', 10), ('Fish&Chips', 7)]",1140.5,-37.8021541,144.95027180000002,0,8.116,14.1137503
73,ORDJ10006,2018-10-06,17:07:36,Dinner,TP,"[('Fish&Chips', 1), ('Shrimp', 7), ('Pasta', 1)]",440.5,-37.806050899999995,144.9838667,0,10.04,15.727523999999999
74,ORDC09359,2018-05-12,12:13:31,Lunch,NS,"[('Fries', 2), ('Burger', 1), ('Chicken', 3)]",151.0,-37.8007651,144.95855480000003,0,7.239,15.1652508
75,ORDA10232,2018-10-23,17:48:10,Dinner,BK,"[('Fish&Chips', 10), ('Pasta', 7)]",542.5,-37.8197071,144.97063730000002,0,7.869,14.861956400000002
76,ORDI03390,2018-08-22,15:46:28,Lunch,NS,"[('Burger', 3), ('Salad', 4), ('Steak', 4), ('Fries', 3), ('Chicken', 6)]",569.8,-37.8200671,144.9686178,0,8.602,13.8966421
77,ORDB00786,2018-04-15,11:22:49,Breakfast,TP,"[('Pancake', 9), ('Coffee', 1)]",225.75,-37.8047336,144.94509409999998,0,10.031,14.048449100000001
78,ORDC07711,2018-06-13,13:24:30,Lunch,NS,"[('Chicken', 8), ('Burger', 2), ('Steak', 1)]",363.0,-37.81115,144.9729569,0,7.427,13.325072500000001
79,ORDK07215,2018-04-19,11:32:57,Breakfast,BK,"[('Coffee', 3), ('Cereal', 4)]",106.5,-37.8131411,144.9738925,0,6.832,11.4552441
80,ORDB05970,2018-04-25,11:43:05,Breakfast,TP,"[('Cereal', 9), ('Coffee', 7), ('Eggs', 4)]",329.5,-37.8128818,144.94284840000003,0,9.847,12.7342435
81,ORDZ04605,2018-10-17,17:38:01,Dinner,NS,"[('Fish&Chips', 10), ('Pasta', 8), ('Salmon', 8)]",898.0,-37.8026926,144.95072539999998,0,8.121,14.002718400000001
82,ORDK05797,2018-12-28,20:00:00,Dinner,BK,"[('Shrimp', 9), ('Salmon', 1), ('Pasta', 3), ('Fish&Chips', 1)]",644.5,-37.8162373,144.9336836,0,10.328,17.642839499999997
83,ORDJ00705,2018-05-29,12:54:05,Lunch,TP,"[('Fries', 9), ('Steak', 8), ('Burger', 1), ('Chicken', 7)]",723.0,-37.8168514,144.9881541,0,9.57,12.8199524
84,ORDY06609,2018-03-27,10:42:15,Breakfast,TP,"[('Cereal', 9), ('Eggs', 10)]",409.0,-37.8124223,144.9539704,0,8.841,11.5315203
85,ORDY04610,2018-05-24,12:43:56,Lunch,TP,"[('Fries', 9), ('Chicken', 1), ('Salad', 2)]",174.4,-37.8187211,144.97710569999998,0,8.548,12.194856399999999
86,ORDC01717,2018-09-21,16:37:10,Dinner,NS,"[('Fish&Chips', 2), ('Salmon', 7), ('Shrimp', 2)]",465.0,-37.8202414,144.95768950000001,0,9.176,14.9044833
87,ORDZ10700,2018-07-11,14:15:12,Lunch,NS,"[('Steak', 5), ('Burger', 5)]",380.0,-37.8204541,144.9574207,0,9.211,14.8402554
88,ORDZ07230,2018-09-19,16:37:10,Dinner,NS,"[('Fish&Chips', 8), ('Pasta', 7), ('Salmon', 10), ('Shrimp', 10)]",1422.5,-37.821658299999996,144.94257869999998,0,10.249,16.062171900000003
89,ORDI09706,2018-04-19,11:32:57,Breakfast,NS,"[('Coffee', 2), ('Pancake', 1), ('Cereal', 9), ('Eggs', 2)]",272.25,-37.8043054,144.9420045,0,9.113,13.9787223
90,ORDY01395,2018-01-19,08:30:25,Breakfast,TP,"[('Pancake', 4), ('Eggs', 5), ('Cereal', 6), ('Coffee', 7)]",385.5,-37.823757,144.9475243,0,8.738,11.4127015
91,ORDI04718,2018-01-16,08:30:25,Breakfast,NS,"[('Coffee', 6), ('Pancake', 6), ('Eggs', 2), ('Cereal', 2)]",276.5,-37.8119424,144.94569330000002,1,9.459,7.7664402
92,ORDB07840,2018-05-16,12:23:39,Lunch,TP,"[('Chicken', 10), ('Steak', 7), ('Salad', 7), ('Fries', 8), ('Burger', 8)]",1099.4,-37.808393599999995,144.9714854,0,9.14,12.300417199999998
93,ORDI10946,2018-10-22,17:48:10,Dinner,NS,"[('Fish&Chips', 2), ('Salmon', 9)]",439.0,-37.8200091,144.9614545,0,8.918,15.1289126
94,ORDB04396,2018-07-30,14:55:46,Lunch,TP,"[('Salad', 9), ('Steak', 10), ('Chicken', 7), ('Burger', 8), ('Fries', 1)]",1088.8,-37.812127600000004,144.9738474,0,8.782,12.4697929
95,ORDY09061,2018-03-05,10:01:41,Breakfast,TP,"[('Eggs', 5), ('Pancake', 4)]",207.0,-37.8161542,144.96032140000003,0,8.178,11.2992031
96,ORDA00058,2018-06-16,13:24:30,Lunch,BK,"[('Burger', 6), ('Salad', 7), ('Steak', 6)]",576.4,-37.810126399999994,144.9555114,0,8.271,17.2110159
97,ORDA09496,2018-05-02,11:53:14,Breakfast,BK,"[('Pancake', 5), ('Coffee', 1), ('Eggs', 1), ('Cereal', 3)]",213.75,-37.8097473,144.9727841,0,6.685,11.6036604
98,ORDK03046,2018-09-03,16:06:45,Dinner,BK,"[('Pasta', 2), ('Salmon', 10), ('Fish&Chips', 6), ('Shrimp', 7)]",1053.0,-37.8126315,144.9650456,0,7.603,14.274375699999998
99,ORDI01378,2018-12-07,19:19:26,Dinner,NS,"[('Shrimp', 6), ('Salmon', 7), ('Pasta', 7), ('Fish&Chips', 6)]",1013.5,-37.824242299999995,144.95383169999997,0,9.859,15.911147199999998
100,ORDJ08943,2018-06-25,13:44:47,Lunch,TP,"[('Fries', 10), ('Burger', 9), ('Salad', 7), ('Steak', 1)]",564.4,-37.824209499999995,144.9842075,0,8.974,12.5617986
101,ORDX08660,2018-03-07,10:01:41,Breakfast,BK,"[('Coffee', 8), ('Cereal', 10)]",270.0,-37.8240299,144.9852688,0,6.631,11.101787400000001
102,ORDX01685,2018-09-30,16:57:27,Dinner,BK,"[('Fish&Chips', 4), ('Pasta', 2), ('Shrimp', 9), ('Salmon', 5)]",886.0,-37.8055058,144.99788600000002,0,4.767,13.609103
103,ORDA10897,2018-09-28,16:57:27,Dinner,BK,"[('Shrimp', 9), ('Pasta', 1), ('Salmon', 8)]",841.5,-37.8004292,144.95093880000002,0,8.816,16.068737900000002
104,ORDI06247,2018-06-13,13:24:30,Lunch,NS,"[('Chicken', 4), ('Burger', 2), ('Salad', 5)]",276.0,-37.8130627,145.0117925,0,10.742,15.7880846
105,ORDK06004,2018-02-10,09:21:07,Breakfast,BK,"[('Eggs', 8), ('Coffee', 5), ('Cereal', 8)]",381.5,-37.8068625,144.9659449,0,7.178,14.348935800000001
106,ORDI03583,2018-10-23,17:48:10,Dinner,NS,"[('Fish&Chips', 8), ('Salmon', 2), ('Pasta', 10)]",637.0,-37.8083019,144.947647,0,8.852,14.8271275
107,ORDK00279,2018-09-05,16:06:45,Dinner,BK,"[('Pasta', 7), ('Shrimp', 2), ('Salmon', 8), ('Fish&Chips', 10)]",978.5,-37.816085799999996,144.9287497,0,11.651,18.9454201
108,ORDI05617,2018-02-07,09:10:59,Breakfast,NS,"[('Cereal', 10), ('Coffee', 7), ('Eggs', 3)]",328.5,-37.813585499999995,144.96072869999998,0,8.123,13.718640900000002
109,ORDK06245,2018-02-11,09:21:07,Breakfast,BK,"[('Coffee', 1), ('Pancake', 10), ('Cereal', 10), ('Eggs', 4)]",548.0,-37.8117685,144.96778030000002,0,7.207,14.527046100000002
110,ORDB03727,2018-12-22,19:49:51,Dinner,TP,"[('Shrimp', 5), ('Pasta', 8), ('Salmon', 4), ('Fish&Chips', 3)]",759.0,-37.818014399999996,144.9470579,0,9.27,15.0501987
111,ORDA02296,2018-02-13,09:21:07,Breakfast,BK,"[('Cereal', 5), ('Pancake', 7), ('Coffee', 3), ('Eggs', 9)]",495.25,-37.799192299999994,144.98766609999998,0,6.357,10.7495065
112,ORDX00723,2018-09-10,16:16:54,Dinner,BK,"[('Shrimp', 4), ('Salmon', 8), ('Fish&Chips', 4), ('Pasta', 2)]",739.0,-37.8076532,144.9893385,0,5.308,12.093106
113,ORDC04576,2018-03-26,10:42:15,Breakfast,NS,"[('Coffee', 8), ('Pancake', 1), ('Eggs', 3)]",150.25,-37.8059304,144.9734908,0,6.862,11.4098121
114,ORDB08686,2018-11-01,18:08:27,Dinner,TP,"[('Fish&Chips', 10), ('Salmon', 8), ('Shrimp', 4)]",894.0,-37.8210501,144.9431888,0,9.336,13.125537
115,ORDX01241,2018-01-25,08:40:33,Breakfast,BK,"[('Coffee', 5), ('Pancake', 9), ('Cereal', 3), ('Eggs', 4)]",406.75,-37.8122047,144.9623095,0,7.648,12.1513432
116,ORDA00315,2018-01-16,08:30:25,Breakfast,BK,"[('Pancake', 2), ('Eggs', 7)]",202.5,-37.8057182,144.93279280000002,1,10.312,8.0762972
117,ORDI08296,2018-05-13,12:23:39,Lunch,NS,"[('Fries', 4), ('Chicken', 1), ('Steak', 1), ('Salad', 1), ('Burger', 5)]",297.2,-37.8100586,144.935956,0,10.019,17.5876951
118,ORDK03178,2018-04-23,11:43:05,Breakfast,BK,"[('Coffee', 8), ('Eggs', 9), ('Pancake', 2)]",306.5,-37.8187815,144.9534358,0,8.788,13.3884339
119,ORDA03672,2018-09-01,16:06:45,Dinner,BK,"[('Fish&Chips', 8), ('Salmon', 9)]",649.0,-37.817035700000005,144.95362340000003,0,8.63,18.5613956
120,ORDA08286,2018-02-18,09:31:16,Breakfast,BK,"[('Eggs', 3), ('Cereal', 1)]",87.0,-37.8097435,144.9620139,0,7.668,14.7297755
121,ORDA08340,2018-02-11,09:21:07,Breakfast,BK,"[('Eggs', 9), ('Cereal', 3), ('Coffee', 5), ('Pancake', 10)]",541.0,-37.813813399999994,144.96873349999998,0,7.279,14.618135
122,ORDC05360,2018-02-12,09:21:07,Breakfast,NS,"[('Eggs', 5), ('Pancake', 10)]",352.5,-37.8130107,144.9711542,0,7.535,12.3900477
123,ORDB09116,2018-07-30,14:55:46,Lunch,TP,"[('Salad', 4), ('Chicken', 3), ('Fries', 3), ('Burger', 9), ('Steak', 9)]",884.8,-37.8121563,144.97374319999997,0,8.791,12.476967199999999
124,ORDK08405,2018-09-21,16:37:10,Dinner,BK,"[('Salmon', 8), ('Shrimp', 9), ('Pasta', 8), ('Fish&Chips', 7)]",1279.0,-37.8144329,144.948817,0,9.541,16.4362604
125,ORDX05853,2018-05-24,12:43:56,Lunch,BK,"[('Burger', 3), ('Chicken', 5), ('Salad', 5)]",339.0,-37.8029941,144.9579155,0,8.05,13.6924489
126,ORDI01062,2018-01-01,08:00:00,Breakfast,NS,"[('Pancake', 10), ('Cereal', 7), ('Eggs', 10), ('Coffee', 9)]",677.0,-37.825273700000004,144.9886194,1,9.713,6.9678433
127,ORDB06742,2018-07-11,14:15:12,Lunch,TP,"[('Chicken', 10), ('Salad', 6), ('Burger', 9), ('Steak', 4), ('Fries', 10)]",1002.2,-37.8188972,145.0023333,0,10.796,14.133517300000001
128,ORDC10557,2018-11-25,18:49:00,Dinner,NS,"[('Salmon', 7), ('Shrimp', 3), ('Fish&Chips', 7), ('Pasta', 9)]",941.5,-37.82020670000001,144.9815597,0,8.901,16.7691945
129,ORDY00307,2018-04-28,11:53:14,Breakfast,TP,"[('Eggs', 10), ('Coffee', 8), ('Cereal', 10)]",490.0,-37.816016,144.9637193,0,7.901,12.5333291
130,ORDI08138,2018-02-23,09:41:24,Breakfast,NS,"[('Coffee', 6), ('Eggs', 3), ('Pancake', 3), ('Cereal', 7)]",330.75,-37.8066267,144.9323806,0,10.187,15.112790799999999
131,ORDZ04191,2018-06-25,13:44:47,Lunch,NS,"[('Fries', 8), ('Steak', 6), ('Chicken', 6), ('Burger', 10), ('Salad', 8)]",1005.6,-37.824205299999996,144.9834431,0,9.432,14.582895
132,ORDB01724,2018-05-02,12:03:22,Lunch,TP,"[('Burger', 7), ('Chicken', 5)]",377.0,-37.8005732,144.9748659,0,10.11,13.2567394
133,ORDI09318,2018-08-26,15:46:28,Lunch,NS,"[('Fries', 5), ('Steak', 3), ('Burger', 10), ('Chicken', 1), ('Salad', 5)]",623.0,-37.8124141,144.9385708,0,10.348,17.5126713
134,ORDI06405,2018-07-10,14:15:12,Lunch,NS,"[('Salad', 3), ('Steak', 1)]",96.6,-37.8017591,144.96320469999998,0,6.888,12.152031
135,ORDJ07224,2018-01-13,08:20:16,Breakfast,TP,"[('Coffee', 2), ('Pancake', 5)]",136.25,-37.8160065,144.938349,1,10.36,6.595954400000001
136,ORDY09248,2018-10-02,17:07:36,Dinner,TP,"[('Pasta', 1), ('Fish&Chips', 10), ('Salmon', 2), ('Shrimp', 10)]",999.5,-37.82449879999999,144.9526951,0,8.331,12.6916461
137,ORDY08972,2018-07-26,14:45:38,Lunch,TP,"[('Burger', 6), ('Fries', 6), ('Steak', 5), ('Salad', 6), ('Chicken', 2)]",650.2,-37.8043032,144.9673419,0,9.494,13.1854731
138,ORDZ08572,2018-10-02,17:07:36,Dinner,NS,"[('Salmon', 7), ('Fish&Chips', 9), ('Shrimp', 1), ('Pasta', 6)]",821.0,-37.8025047,144.9629879,0,6.957,13.022350999999999
139,ORDK06613,2018-03-25,10:42:15,Breakfast,BK,"[('Eggs', 9), ('Coffee', 9), ('Cereal', 9)]",454.5,-37.806562899999996,144.9713323,0,6.783,13.947478
140,ORDK07653,2018-05-18,12:33:48,Lunch,BK,"[('Fries', 9), ('Burger', 3), ('Chicken', 9), ('Steak', 2)]",579.0,-37.8038782,144.95840890000002,0,7.937,13.9118858
141,ORDI07593,2018-11-19,18:38:52,Dinner,NS,"[('Pasta', 4), ('Shrimp', 2), ('Fish&Chips', 2)]",288.0,-37.8188033,145.00730269999997,0,10.795,16.8316625
142,ORDI00343,2018-01-07,08:10:08,Breakfast,NS,"[('Coffee', 2), ('Cereal', 10), ('Eggs', 4), ('Pancake', 5)]",434.25,-37.8129785,144.93747340000002,1,10.086,8.6389237
143,ORDX09793,2018-01-12,08:20:16,Breakfast,BK,"[('Eggs', 4), ('Pancake', 1), ('Cereal', 2), ('Coffee', 2)]",169.25,-37.816329700000004,144.9852803,1,6.011,4.8839404
144,ORDX03120,2018-04-13,11:22:49,Breakfast,BK,"[('Eggs', 8), ('Coffee', 6), ('Cereal', 8), ('Pancake', 9)]",607.25,-37.8014708,144.947374,0,9.089,14.2694533
145,ORDB07241,2018-01-01,08:00:00,Breakfast,TP,"[('Eggs', 3), ('Cereal', 4)]",150.0,-37.7996112,144.92731809999998,1,11.937,7.2682837
146,ORDZ01348,2018-09-24,16:47:19,Dinner,NS,"[('Shrimp', 10), ('Fish&Chips', 7), ('Pasta', 8), ('Salmon', 2)]",1087.0,-37.8018316,144.9688686,0,6.465,11.8789912
147,ORDK07805,2018-07-16,14:25:21,Lunch,BK,"[('Chicken', 8), ('Fries', 9)]",364.0,-37.819842200000004,144.9408034,0,9.989,15.8238046
148,ORDZ03922,2018-01-20,08:30:25,Breakfast,NS,"[('Eggs', 2), ('Cereal', 8)]",212.0,-37.8051492,144.92945480000003,0,10.436,17.4651831
149,ORDZ05316,2018-05-15,12:23:39,Lunch,NS,"[('Salad', 9), ('Fries', 4)]",202.8,-37.80248710000001,145.0051415,0,9.462,14.701400099999999
150,ORDJ04574,2018-11-29,18:59:09,Dinner,TP,"[('Pasta', 4), ('Shrimp', 6), ('Salmon', 2)]",516.0,-37.8171951,144.95244499999998,0,10.182,14.2541017
151,ORDC02438,2018-02-24,09:41:24,Breakfast,NS,"[('Eggs', 2), ('Cereal', 6), ('Pancake', 2)]",218.5,-37.8116794,145.0072895,0,10.14,16.9367221
152,ORDC08484,2018-10-26,17:48:10,Dinner,NS,"[('Shrimp', 5), ('Salmon', 8), ('Fish&Chips', 8)]",878.0,-37.820504,144.9658195,0,8.926,15.445889600000001
153,ORDB04134,2018-12-16,19:29:34,Dinner,TP,"[('Shrimp', 5), ('Pasta', 1), ('Salmon', 10), ('Fish&Chips', 10)]",1057.5,-37.8066953,144.96250890000002,0,8.996,14.622640099999998
154,ORDC07045,2018-09-28,16:57:27,Dinner,NS,"[('Pasta', 2), ('Shrimp', 7), ('Fish&Chips', 8)]",713.0,-37.8004292,144.95093880000002,0,8.014,13.9489565
155,ORDZ03027,2018-08-24,15:46:28,Lunch,NS,"[('Fries', 7), ('Salad', 3), ('Chicken', 3), ('Burger', 9), ('Steak', 3)]",645.6,-37.8078228,144.9403541,0,10.135,15.9520197
156,ORDY10350,2018-02-27,09:51:32,Breakfast,TP,"[('Eggs', 9), ('Cereal', 10), ('Pancake', 9), ('Coffee', 3)]",648.75,-37.8106037,144.9779024,0,9.156,11.719863
157,ORDI08427,2018-02-16,09:31:16,Breakfast,NS,"[('Pancake', 9), ('Cereal', 7), ('Eggs', 1)]",387.25,-37.8056467,144.9275595,0,10.714,16.0728687
158,ORDB09448,2018-11-24,18:49:00,Dinner,TP,"[('Pasta', 7), ('Salmon', 2)]",274.5,-37.8088153,144.982787,0,9.699,15.4446405
159,ORDC06430,2018-11-12,18:28:43,Dinner,NS,"[('Fish&Chips', 9), ('Salmon', 3), ('Pasta', 9)]",685.5,-37.8155766,144.9582817,0,8.506,14.469893599999999
160,ORDA03066,2018-06-25,13:44:47,Lunch,BK,"[('Chicken', 10), ('Salad', 7), ('Fries', 5)]",500.4,-37.82419470000001,144.98338,0,6.987,13.2729323
161,ORDY10353,2018-05-08,12:13:31,Lunch,TP,"[('Steak', 2), ('Burger', 3), ('Fries', 10), ('Chicken', 2)]",367.0,-37.819966,144.96544509999998,0,7.021,10.8587164
162,ORDI07445,2018-06-20,13:34:38,Lunch,NS,"[('Steak', 6), ('Salad', 1), ('Burger', 8), ('Fries', 10), ('Chicken', 5)]",815.2,-37.8246042,144.95834150000002,0,9.869,15.205801800000001
163,ORDA09982,2018-04-13,11:22:49,Breakfast,BK,"[('Pancake', 8), ('Coffee', 9)]",261.5,-37.801877399999995,144.9461521,0,9.137,14.2895424
164,ORDY04401,2018-03-09,10:11:49,Breakfast,TP,"[('Eggs', 1), ('Cereal', 5)]",127.0,-37.80647020000001,144.9468763,0,9.909,12.3186726
165,ORDJ10937,2018-01-20,08:30:25,Breakfast,TP,"[('Pancake', 6), ('Cereal', 7)]",292.5,-37.806398200000004,144.95906580000002,0,9.0,13.2773721
166,ORDY08111,2018-07-15,14:25:21,Lunch,TP,"[('Steak', 3), ('Fries', 9), ('Burger', 10), ('Salad', 3)]",604.6,-37.8186136,144.9991629,0,10.515,14.671497199999997
167,ORDX01039,2018-10-17,17:38:01,Dinner,BK,"[('Shrimp', 3), ('Salmon', 8)]",490.0,-37.8195646,144.9635801,0,7.924,15.232889800000002
168,ORDB05097,2018-12-04,19:09:17,Dinner,TP,"[('Fish&Chips', 4), ('Salmon', 5), ('Pasta', 7)]",537.5,-37.8219082,144.9712269,0,7.936,12.5157691
169,ORDB00979,2018-12-24,19:49:51,Dinner,TP,"[('Fish&Chips', 3), ('Shrimp', 6), ('Salmon', 5), ('Pasta', 2)]",689.0,-37.8133482,144.9377959,0,10.357,14.4002519
170,ORDB02232,2018-05-01,11:53:14,Breakfast,TP,"[('Coffee', 9), ('Cereal', 9), ('Pancake', 10), ('Eggs', 8)]",675.0,-37.806414000000004,144.9583934,0,9.059,11.484522300000002
171,ORDI03293,2018-01-03,08:00:00,Breakfast,NS,"[('Coffee', 1), ('Cereal', 1)]",28.5,-37.8136879,144.9407992,1,9.542,7.3267093999999995
172,ORDZ09276,2018-06-23,13:44:47,Lunch,NS,"[('Salad', 4), ('Steak', 2), ('Burger', 10)]",468.8,-37.819077899999996,144.97381230000002,0,8.38,15.5328077
173,ORDA06717,2018-11-10,18:18:35,Dinner,BK,"[('Shrimp', 2), ('Fish&Chips', 8)]",388.0,-37.8166574,144.97123190000002,0,7.95,17.161144
174,ORDC01026,2018-03-07,10:01:41,Breakfast,NS,"[('Cereal', 8), ('Pancake', 10), ('Eggs', 4)]",498.5,-37.8035534,144.9987979,0,9.086,14.1791027
175,ORDB08270,2018-04-08,11:12:40,Breakfast,TP,"[('Eggs', 5), ('Cereal', 4)]",194.0,-37.817614500000005,144.967221,0,7.708,11.850037400000001
176,ORDZ10267,2018-09-04,16:06:45,Dinner,NS,"[('Fish&Chips', 3), ('Salmon', 10), ('Shrimp', 6), ('Pasta', 1)]",866.5,-37.800736900000004,144.9517619,0,7.883,14.4843741
177,ORDX07596,2018-04-13,11:22:49,Breakfast,BK,"[('Coffee', 5), ('Eggs', 4), ('Pancake', 2), ('Cereal', 2)]",216.0,-37.8023368,144.9478578,0,9.009,13.5886813
178,ORDC05182,2018-08-07,15:16:03,Lunch,NS,"[('Salad', 2), ('Steak', 10)]",484.4,-37.8004479,144.95884099999998,0,7.21,12.513580699999999
179,ORDZ02173,2018-01-24,08:40:33,Breakfast,NS,"[('Coffee', 8), ('Cereal', 5), ('Eggs', 10)]",385.0,-37.808970200000005,144.9811144,0,7.802,13.0550147
180,ORDI01911,2018-06-11,13:14:21,Lunch,NS,"[('Fries', 8), ('Steak', 4)]",276.0,-37.7993318,144.960555,0,7.216,12.8234485
181,ORDY06704,2018-05-30,12:54:05,Lunch,TP,"[('Salad', 9), ('Burger', 8), ('Chicken', 5)]",562.8,-37.803735700000004,145.0056821,0,12.091,15.096615
182,ORDA03280,2018-12-16,19:29:34,Dinner,BK,"[('Shrimp', 6), ('Salmon', 4), ('Fish&Chips', 2)]",558.0,-37.8244539,144.9451246,0,9.752,19.268980600000003
183,ORDJ00980,2018-11-04,18:08:27,Dinner,TP,"[('Shrimp', 2), ('Fish&Chips', 7)]",353.0,-37.8060843,144.9572116,0,9.167,14.857410699999999
184,ORDI01944,2018-02-19,09:31:16,Breakfast,NS,"[('Pancake', 2), ('Cereal', 9)]",237.5,-37.8157144,144.9381885,0,9.958,15.1968131
185,ORDZ10397,2018-11-22,18:49:00,Dinner,NS,"[('Shrimp', 4), ('Pasta', 3), ('Fish&Chips', 5)]",473.5,-37.8210468,144.98405549999998,0,9.218,15.2691239
186,ORDJ03567,2018-11-25,18:49:00,Dinner,TP,"[('Pasta', 7), ('Fish&Chips', 3), ('Shrimp', 5)]",567.5,-37.8088109,144.9831656,0,9.739,15.337597500000001
187,ORDA09239,2018-10-30,17:58:18,Dinner,BK,"[('Shrimp', 1), ('Pasta', 2)]",109.0,-37.8218547,144.947504,0,9.344,15.8812582
188,ORDY05938,2018-02-02,09:00:50,Breakfast,TP,"[('Coffee', 9), ('Cereal', 1)]",88.5,-37.8160229,144.93830309999998,0,10.354,12.811662400000001
189,ORDI09799,2018-06-29,13:54:55,Lunch,NS,"[('Steak', 5), ('Burger', 10)]",535.0,-37.818800700000004,144.97211130000002,0,8.444,13.9760538
190,ORDY05750,2018-06-11,13:14:21,Lunch,TP,"[('Burger', 8), ('Salad', 4), ('Fries', 9), ('Steak', 1), ('Chicken', 3)]",565.8,-37.8151473,144.9602956,0,8.249,12.0143545
191,ORDA04888,2018-06-24,13:44:47,Lunch,BK,"[('Steak', 4), ('Fries', 6), ('Chicken', 7), ('Burger', 9)]",755.0,-37.8258144,144.9829053,0,7.007,14.8923907
192,ORDK00193,2018-01-25,08:40:33,Breakfast,BK,"[('Cereal', 7), ('Eggs', 10), ('Pancake', 7), ('Coffee', 6)]",581.75,-37.8106851,144.9624361,0,7.675,12.571551
193,ORDJ03563,2018-04-14,11:22:49,Breakfast,TP,"[('Pancake', 5), ('Eggs', 9), ('Cereal', 4), ('Coffee', 4)]",433.25,-37.818171,144.9957199,0,10.205,13.921227599999998
194,ORDA00301,2018-09-02,16:06:45,Dinner,BK,"[('Pasta', 4), ('Shrimp', 10), ('Salmon', 6)]",896.0,-37.8116665,144.97159399999998,0,6.92,16.4955165
195,ORDZ09504,2018-07-31,14:55:46,Lunch,NS,"[('Steak', 1), ('Chicken', 8)]",301.0,-37.8013167,144.97233830000002,0,6.314,11.950682800000001
196,ORDZ04814,2018-06-02,13:04:13,Lunch,NS,"[('Fries', 5), ('Salad', 7), ('Chicken', 9), ('Steak', 7), ('Burger', 10)]",1093.4,-37.8183066,144.96484130000002,0,8.523,16.100894
197,ORDX08064,2018-05-20,12:33:48,Lunch,BK,"[('Burger', 8), ('Salad', 8)]",385.6,-37.799356700000004,144.97274819999998,0,7.501,15.705276199999998
198,ORDK05842,2018-01-29,08:50:42,Breakfast,BK,"[('Pancake', 9), ('Coffee', 2)]",233.25,-37.798931,144.9588459,0,8.506,13.4988016
199,ORDY02176,2018-07-10,14:15:12,Lunch,TP,"[('Salad', 7), ('Fries', 5), ('Burger', 5), ('Chicken', 7), ('Steak', 7)]",874.4,-37.8246995,144.98476630000002,0,8.913,12.301423699999999
200,ORDC08849,2018-08-30,15:56:37,Lunch,NS,"[('Steak', 2), ('Chicken', 4), ('Salad', 3)]",269.6,-37.808179700000004,144.9759102,0,7.312,13.0142662
201,ORDY03008,2018-01-23,08:40:33,Breakfast,TP,"[('Eggs', 1), ('Pancake', 9), ('Cereal', 3)]",303.25,-37.819138200000005,144.95416519999998,0,8.402,11.272192500000001
202,ORDZ06937,2018-08-04,15:05:54,Lunch,NS,"[('Steak', 5), ('Salad', 8), ('Burger', 8)]",610.6,-37.8033419,144.9500906,0,8.367,15.581628699999998
203,ORDX00857,2018-06-09,13:14:21,Lunch,BK,"[('Burger', 8), ('Steak', 8), ('Salad', 8)]",745.6,-37.8231295,144.98909519999998,0,6.4,14.571227599999999
204,ORDJ06967,2018-02-11,09:21:07,Breakfast,TP,"[('Coffee', 1), ('Cereal', 7)]",154.5,-37.8144235,144.97149919999998,0,8.381,12.6460662
205,ORDY02094,2018-09-16,16:37:10,Dinner,TP,"[('Shrimp', 5), ('Pasta', 2)]",325.0,-37.8130154,144.9406963,0,10.084,15.496508800000003
206,ORDK03030,2018-08-29,15:56:37,Lunch,BK,"[('Salad', 1), ('Steak', 1)]",62.2,-37.8188941,144.9785274,0,7.328,13.3861535
207,ORDC01139,2018-06-05,13:04:13,Lunch,NS,"[('Burger', 2), ('Salad', 1), ('Steak', 8), ('Chicken', 4), ('Fries', 10)]",687.2,-37.8230742,145.00530990000001,0,10.967,16.503918
208,ORDA01259,2018-11-26,18:59:09,Dinner,BK,"[('Salmon', 1), ('Fish&Chips', 10), ('Shrimp', 6)]",715.0,-37.8228607,144.96657140000002,0,8.119,15.154817000000001
209,ORDX09672,2018-11-09,18:18:35,Dinner,BK,"[('Shrimp', 9), ('Salmon', 7), ('Pasta', 4)]",883.0,-37.8111128,144.9910169,0,5.03,12.0747284
210,ORDB08762,2018-11-29,18:59:09,Dinner,TP,"[('Salmon', 1), ('Shrimp', 7)]",419.0,-37.8149659,144.964456,0,7.951,12.4110323
211,ORDJ07115,2018-09-30,16:57:27,Dinner,TP,"[('Pasta', 1), ('Salmon', 2), ('Shrimp', 9)]",595.5,-37.8125115,144.9738878,0,8.716,14.089818900000001
212,ORDI05679,2018-08-06,15:05:54,Lunch,NS,"[('Chicken', 5), ('Fries', 5), ('Burger', 5), ('Steak', 4), ('Salad', 4)]",623.8,-37.8051377,144.96418630000002,0,7.068,12.683498599999998
213,ORDY00168,2018-03-08,10:11:49,Breakfast,TP,"[('Eggs', 1), ('Pancake', 3), ('Coffee', 1)]",102.25,-37.8081804,144.97313540000002,0,9.21,12.1470087
214,ORDX02132,2018-01-08,08:10:08,Breakfast,BK,"[('Cereal', 6), ('Coffee', 5)]",163.5,-37.8161613,144.9390294,1,9.874,8.415599499999999
215,ORDX04548,2018-05-31,12:54:05,Lunch,BK,"[('Salad', 8), ('Chicken', 5), ('Burger', 1), ('Fries', 5)]",388.6,-37.793624200000004,144.9735255,0,8.161,13.5387644
216,ORDK03308,2018-10-10,17:17:44,Dinner,BK,"[('Pasta', 2), ('Salmon', 10)]",465.0,-37.8123896,144.9537134,0,8.528,15.168539
217,ORDA03389,2018-10-18,17:38:01,Dinner,BK,"[('Shrimp', 5), ('Pasta', 10), ('Fish&Chips', 10), ('Salmon', 2)]",977.0,-37.802753100000004,144.9512701,0,8.636,15.498076999999999
218,ORDB01249,2018-04-28,11:53:14,Breakfast,TP,"[('Cereal', 9), ('Coffee', 9), ('Eggs', 7)]",410.5,-37.8162602,144.96340080000002,0,7.849,11.7985882
219,ORDA06633,2018-08-11,15:16:03,Lunch,BK,"[('Fries', 4), ('Burger', 7), ('Steak', 6), ('Salad', 6)]",638.2,-37.810606799999995,144.98874640000003,0,5.219,13.430164300000001
220,ORDB08561,2018-09-17,16:37:10,Dinner,TP,"[('Shrimp', 10), ('Pasta', 3), ('Fish&Chips', 6)]",832.5,-37.8196347,145.0083119,0,11.335,14.8185294
221,ORDK04932,2018-05-30,12:54:05,Lunch,BK,"[('Burger', 9), ('Salad', 1)]",296.2,-37.817382099999996,144.9526629,0,8.742,14.841969599999999
222,ORDB04336,2018-10-05,17:07:36,Dinner,TP,"[('Pasta', 7), ('Shrimp', 8), ('Fish&Chips', 8)]",904.5,-37.8122156,144.9549471,0,8.78,13.0937543
223,ORDI08144,2018-12-26,19:49:51,Dinner,NS,"[('Fish&Chips', 7), ('Salmon', 10), ('Pasta', 2)]",710.0,-37.828610600000005,144.9881799,0,10.101,15.7641878
224,ORDK05780,2018-05-15,12:23:39,Lunch,BK,"[('Fries', 7), ('Burger', 10), ('Salad', 7), ('Chicken', 7)]",738.4,-37.8181848,144.9645277,0,7.695,13.8258185
225,ORDJ05771,2018-12-22,19:49:51,Dinner,TP,"[('Salmon', 4), ('Pasta', 3)]",246.5,-37.805768,144.96684299999998,0,9.38,14.9816793
226,ORDX00657,2018-10-22,17:48:10,Dinner,BK,"[('Salmon', 7), ('Pasta', 1), ('Shrimp', 8), ('Fish&Chips', 8)]",1026.5,-37.8190021,144.9919706,0,5.603,12.2665031
227,ORDC02555,2018-05-25,12:43:56,Lunch,NS,"[('Burger', 2), ('Steak', 1), ('Fries', 7)]",191.0,-37.80269129999999,144.96355580000002,0,6.935,12.0101466
228,ORDA10118,2018-02-17,09:31:16,Breakfast,BK,"[('Cereal', 2), ('Coffee', 1), ('Pancake', 8), ('Eggs', 5)]",353.5,-37.8272185,144.98814319999997,0,7.498,14.995188699999998
229,ORDX09688,2018-11-05,18:08:27,Dinner,BK,"[('Salmon', 8), ('Pasta', 1), ('Shrimp', 5), ('Fish&Chips', 10)]",975.5,-37.8160295,144.9636726,0,7.888,14.8260839
230,ORDB10184,2018-04-05,11:02:32,Breakfast,TP,"[('Cereal', 1), ('Pancake', 4), ('Coffee', 9)]",185.5,-37.817749299999996,144.9485325,0,9.032,11.632592
231,ORDC10375,2018-10-10,17:17:44,Dinner,NS,"[('Shrimp', 8), ('Salmon', 10), ('Fish&Chips', 2), ('Pasta', 10)]",1187.0,-37.8123436,144.9535614,0,8.534,14.602576999999998
232,ORDX02773,2018-12-14,19:29:34,Dinner,BK,"[('Salmon', 9), ('Pasta', 3)]",451.5,-37.80014179999999,144.9625143,0,8.128,15.415733900000001
233,ORDI09420,2018-01-27,08:50:42,Breakfast,NS,"[('Pancake', 5), ('Eggs', 3), ('Cereal', 1)]",208.25,-37.8198936,144.9526628,0,9.486,16.358574100000002
234,ORDK02898,2018-03-08,10:11:49,Breakfast,BK,"[('Coffee', 3), ('Pancake', 8), ('Cereal', 3), ('Eggs', 8)]",455.5,-37.819034,144.9847274,0,6.336,10.8415005
235,ORDY00257,2018-09-26,16:57:27,Dinner,TP,"[('Salmon', 2), ('Fish&Chips', 1), ('Pasta', 4)]",227.0,-37.816747,144.96988019999998,0,7.969,12.318845699999999
236,ORDJ10616,2018-02-04,09:00:50,Breakfast,TP,"[('Pancake', 4), ('Eggs', 1), ('Cereal', 1), ('Coffee', 1)]",147.5,-37.816784600000005,144.9915803,0,9.938,14.359581799999999
237,ORDZ08590,2018-05-13,12:23:39,Lunch,NS,"[('Burger', 6), ('Fries', 10)]",306.0,-37.800362899999996,144.933905,0,6.79,14.108075699999999
238,ORDA10150,2018-12-04,19:09:17,Dinner,BK,"[('Shrimp', 2), ('Fish&Chips', 9), ('Salmon', 9), ('Pasta', 8)]",1012.0,-37.801951200000005,145.00063459999998,0,5.317,12.390742800000002
239,ORDJ04224,2018-05-05,12:03:22,Lunch,TP,"[('Steak', 4), ('Burger', 2)]",242.0,-37.8183025,144.9607134,0,7.767,13.1824182
240,ORDZ05400,2018-09-16,16:37:10,Dinner,NS,"[('Salmon', 3), ('Pasta', 3), ('Fish&Chips', 4), ('Shrimp', 8)]",777.5,-37.8140799,144.9737248,0,7.885,15.7781816
241,ORDX07764,2018-10-20,17:38:01,Dinner,BK,"[('Salmon', 2), ('Shrimp', 5), ('Pasta', 2)]",407.0,-37.8104348,144.9810625,0,5.931,15.339089000000001
242,ORDZ01305,2018-05-14,12:23:39,Lunch,NS,"[('Steak', 4), ('Fries', 3), ('Burger', 3), ('Chicken', 8)]",565.0,-37.80236970000001,144.9810229,0,7.197,12.440958
243,ORDX07511,2018-05-08,12:13:31,Lunch,BK,"[('Chicken', 4), ('Burger', 6)]",314.0,-37.8051249,144.9614898,0,9.567,15.468214600000001
244,ORDB10827,2018-09-15,16:27:02,Dinner,TP,"[('Fish&Chips', 4), ('Shrimp', 10), ('Salmon', 2), ('Pasta', 9)]",1009.5,-37.8104145,144.995982,0,10.662,16.2543383
245,ORDC03054,2018-10-04,17:07:36,Dinner,NS,"[('Shrimp', 7), ('Pasta', 8), ('Fish&Chips', 1), ('Salmon', 5)]",838.0,-37.808665600000005,144.9421502,0,9.949,15.565455199999999
246,ORDA08727,2018-11-05,18:08:27,Dinner,BK,"[('Fish&Chips', 1), ('Shrimp', 8), ('Pasta', 6), ('Salmon', 9)]",1001.0,-37.8192935,144.9820908,0,6.53,12.767333800000001
247,ORDI06901,2018-03-31,10:52:23,Breakfast,NS,"[('Pancake', 5), ('Cereal', 5), ('Coffee', 10), ('Eggs', 1)]",323.25,-37.8187308,144.9714369,0,8.357,15.4032878
248,ORDX06064,2018-01-14,08:20:16,Breakfast,BK,"[('Eggs', 2), ('Pancake', 3), ('Cereal', 7), ('Coffee', 6)]",308.75,-37.8055169,144.95241399999998,1,8.41,8.3421105
249,ORDZ10578,2018-09-01,16:06:45,Dinner,NS,"[('Pasta', 8), ('Shrimp', 6)]",544.0,-37.8155781,144.9580985,0,8.517,16.3362054
250,ORDY09665,2018-08-22,15:46:28,Lunch,TP,"[('Fries', 7), ('Burger', 8), ('Salad', 3)]",383.6,-37.8187213,144.9681905,0,7.653,11.134159599999998
251,ORDK06125,2018-06-07,13:14:21,Lunch,BK,"[('Steak', 7), ('Chicken', 2), ('Salad', 9)]",533.8,-37.8254058,144.95147980000002,0,9.286,14.543797199999998
252,ORDJ08876,2018-02-19,09:31:16,Breakfast,TP,"[('Cereal', 6), ('Eggs', 7), ('Coffee', 7), ('Pancake', 8)]",526.5,-37.8071927,144.9569986,0,9.217,11.539692
253,ORDJ00320,2018-06-08,13:14:21,Lunch,TP,"[('Steak', 5), ('Chicken', 1), ('Fries', 1)]",269.0,-37.8182341,144.9474408,0,9.228,12.421563
254,ORDX00217,2018-12-31,20:00:00,Dinner,BK,"[('Shrimp', 9), ('Fish&Chips', 10), ('Salmon', 8), ('Pasta', 7)]",1356.5,-37.8036241,145.0079488,0,5.388,12.1043698
255,ORDK03127,2018-04-03,11:02:32,Breakfast,BK,"[('Pancake', 10), ('Eggs', 9)]",440.5,-37.8106572,144.9852939,0,5.547,10.098848199999999
256,ORDY09453,2018-04-12,11:22:49,Breakfast,TP,"[('Coffee', 2), ('Pancake', 2), ('Eggs', 9), ('Cereal', 5)]",366.5,-37.8047047,144.92791619999997,0,11.411,13.653985999999998
257,ORDJ03982,2018-07-11,14:15:12,Lunch,TP,"[('Chicken', 6), ('Steak', 2), ('Fries', 5), ('Salad', 3), ('Burger', 10)]",703.6,-37.817001700000006,145.0049113,0,11.226,14.538158600000001
258,ORDB03419,2018-08-02,15:05:54,Lunch,TP,"[('Salad', 6), ('Steak', 10), ('Burger', 9), ('Chicken', 2), ('Fries', 9)]",1004.2,-37.799704600000005,144.9550666,0,9.828,13.058131800000002
259,ORDJ03568,2018-02-06,09:10:59,Breakfast,TP,"[('Cereal', 5), ('Pancake', 6), ('Eggs', 3), ('Coffee', 6)]",361.5,-37.8220996,144.93822930000002,0,9.705,12.5428908
260,ORDC08148,2018-06-04,13:04:13,Lunch,NS,"[('Chicken', 8), ('Burger', 9)]",535.0,-37.820248299999996,144.97065600000002,0,8.763,13.810497699999999
261,ORDX04458,2018-04-01,10:52:23,Breakfast,BK,"[('Cereal', 10), ('Pancake', 4), ('Coffee', 6)]",352.0,-37.817640600000004,144.9702186,0,7.786,15.0662973
262,ORDI02794,2018-02-05,09:10:59,Breakfast,NS,"[('Pancake', 3), ('Cereal', 3), ('Eggs', 3), ('Coffee', 1)]",209.25,-37.8100432,144.9727242,0,7.324,12.2366129
263,ORDY07374,2018-02-28,09:51:32,Breakfast,TP,"[('Coffee', 9), ('Cereal', 10)]",277.5,-37.8114219,144.9366916,0,10.933,13.061301
264,ORDA06413,2018-07-06,14:05:04,Lunch,BK,"[('Salad', 8), ('Steak', 7), ('Chicken', 3), ('Burger', 3)]",641.6,-37.8058946,144.9413997,0,9.565,15.869439100000001
265,ORDB09187,2018-02-21,09:41:24,Breakfast,TP,"[('Eggs', 10), ('Cereal', 3)]",283.0,-37.810386,144.992749,0,10.348,13.0405351
266,ORDI08700,2018-09-02,16:06:45,Dinner,NS,"[('Fish&Chips', 1), ('Salmon', 9), ('Pasta', 7), ('Shrimp', 4)]",812.5,-37.8126519,144.96819480000002,0,7.606,15.707156099999999
267,ORDI01161,2018-02-17,09:31:16,Breakfast,NS,"[('Pancake', 1), ('Eggs', 1)]",46.25,-37.8241145,144.98670019999997,0,9.482,17.002962699999998
268,ORDI03877,2018-01-05,08:00:00,Breakfast,NS,"[('Cereal', 8), ('Eggs', 6), ('Pancake', 1), ('Coffee', 7)]",376.75,-37.81276870000001,144.937122,1,10.094,7.417037
269,ORDB05460,2018-01-18,08:30:25,Breakfast,TP,"[('Cereal', 10), ('Eggs', 10), ('Coffee', 6)]",475.0,-37.823507299999996,144.9398909,1,9.556,5.853043700000001
270,ORDK03274,2018-03-06,10:01:41,Breakfast,BK,"[('Coffee', 7), ('Eggs', 1), ('Pancake', 10), ('Cereal', 5)]",422.0,-37.813159000000006,144.9515139,0,8.546,12.9927769
271,ORDJ00469,2018-08-31,15:56:37,Lunch,TP,"[('Steak', 3), ('Fries', 7), ('Burger', 5)]",374.0,-37.8169187,144.9543252,0,8.499,11.9116206
272,ORDY03052,2018-07-08,14:15:12,Lunch,TP,"[('Salad', 3), ('Fries', 3)]",87.6,-37.816297799999994,145.01546509999997,0,12.938,17.1845435
273,ORDA01120,2018-07-03,14:05:04,Lunch,BK,"[('Chicken', 9), ('Steak', 7), ('Fries', 1), ('Salad', 1), ('Burger', 7)]",849.2,-37.807367,144.9629436,0,7.444,13.4199702
274,ORDI04816,2018-05-03,12:03:22,Lunch,NS,"[('Burger', 1), ('Fries', 7)]",115.0,-37.8009482,144.9887123,0,7.883,13.0563337
275,ORDI09233,2018-05-25,12:43:56,Lunch,NS,"[('Salad', 10), ('Chicken', 2), ('Burger', 8), ('Steak', 3)]",619.0,-37.825098600000004,144.95690290000002,0,9.72,15.025024800000002
276,ORDZ10203,2018-08-02,15:05:54,Lunch,NS,"[('Burger', 1), ('Salad', 5), ('Steak', 1), ('Fries', 10), ('Chicken', 8)]",538.0,-37.8230461,144.9780827,0,8.862,15.241267
277,ORDX02687,2018-12-22,19:49:51,Dinner,BK,"[('Pasta', 8), ('Fish&Chips', 7), ('Salmon', 4)]",629.0,-37.8114573,144.9733363,0,6.815,15.4284258
278,ORDK07168,2018-08-17,15:36:20,Lunch,BK,"[('Fries', 7), ('Salad', 10), ('Chicken', 5)]",416.0,-37.81888729999999,144.9549446,0,8.618,14.5276163
279,ORDA08166,2018-06-22,13:44:47,Lunch,BK,"[('Steak', 8), ('Chicken', 3), ('Salad', 10), ('Fries', 4), ('Burger', 4)]",800.0,-37.8103201,145.0147918,0,4.175,9.8224959
280,ORDA01756,2018-09-13,16:27:02,Dinner,BK,"[('Salmon', 2), ('Shrimp', 5)]",352.0,-37.8158434,144.9342969,0,10.273,17.127051
281,ORDK10788,2018-03-31,10:52:23,Breakfast,BK,"[('Cereal', 5), ('Eggs', 10), ('Coffee', 9)]",392.5,-37.7988037,144.989939,0,6.149,14.036030800000002
282,ORDJ04219,2018-10-27,17:58:18,Dinner,TP,"[('Shrimp', 2), ('Pasta', 7)]",300.5,-37.8158734,144.9996785,0,10.76,16.1439478
283,ORDK10440,2018-02-27,09:51:32,Breakfast,BK,"[('Cereal', 5), ('Eggs', 5), ('Coffee', 6)]",260.0,-37.8065224,144.9317679,0,10.424,15.828064600000001
284,ORDB00050,2018-12-27,20:00:00,Dinner,TP,"[('Pasta', 4), ('Shrimp', 3)]",272.0,-37.8179807,144.9319734,0,10.749,15.2365175
285,ORDB03850,2018-12-08,19:19:26,Dinner,TP,"[('Pasta', 9), ('Shrimp', 1), ('Salmon', 6)]",547.5,-37.8092777,144.9291463,0,11.161,16.9869617
286,ORDJ07707,2018-07-11,14:15:12,Lunch,TP,"[('Salad', 2), ('Fries', 6), ('Chicken', 3), ('Steak', 3)]",337.4,-37.818766499999995,145.0017906,0,10.748,13.897062099999998
287,ORDC05661,2018-03-10,10:11:49,Breakfast,NS,"[('Pancake', 10), ('Cereal', 5), ('Coffee', 3)]",370.0,-37.823038700000005,144.9759409,0,9.086,16.3084155
288,ORDI00037,2018-11-29,18:59:09,Dinner,NS,"[('Salmon', 1), ('Shrimp', 9)]",527.0,-37.817893299999994,144.9513009,0,9.787,15.4073747
289,ORDZ03336,2018-07-28,14:55:46,Lunch,NS,"[('Salad', 4), ('Burger', 7), ('Steak', 1)]",330.8,-37.8149294,144.9607603,0,8.287,15.9587499
290,ORDK07579,2018-10-13,17:27:53,Dinner,BK,"[('Salmon', 1), ('Pasta', 7), ('Shrimp', 3), ('Fish&Chips', 4)]",535.5,-37.8211598,144.9554353,0,8.574,17.8679832
291,ORDB04002,2018-04-01,10:52:23,Breakfast,TP,"[('Coffee', 3), ('Pancake', 1), ('Cereal', 1), ('Eggs', 9)]",265.75,-37.8190109,144.9543045,0,8.395,12.167206
292,ORDA08812,2018-07-24,14:45:38,Lunch,BK,"[('Fries', 5), ('Steak', 6)]",330.0,-37.799876,144.984555,0,6.462,12.4032695
293,ORDX08436,2018-05-10,12:13:31,Lunch,BK,"[('Fries', 6), ('Chicken', 6), ('Salad', 7)]",384.4,-37.8010594,144.9637848,0,7.926,13.642077100000002
294,ORDK05290,2018-11-01,18:08:27,Dinner,BK,"[('Salmon', 7), ('Shrimp', 10), ('Pasta', 1), ('Fish&Chips', 1)]",889.5,-37.8238515,144.9815633,0,6.958,13.777397
295,ORDB04086,2018-11-06,18:18:35,Dinner,TP,"[('Pasta', 6), ('Shrimp', 8), ('Salmon', 10)]",1007.0,-37.809276700000005,144.9607237,0,8.626,12.6990112
296,ORDI05320,2018-08-27,15:56:37,Lunch,NS,"[('Burger', 5), ('Salad', 5), ('Chicken', 9), ('Steak', 8), ('Fries', 2)]",913.0,-37.8170198,144.95330669999998,0,8.95,14.930202599999998
297,ORDA09393,2018-11-24,18:49:00,Dinner,BK,"[('Shrimp', 10), ('Pasta', 5), ('Fish&Chips', 8), ('Salmon', 6)]",1203.5,-37.8167275,144.95234240000002,0,9.019,18.576389600000002
298,ORDI03937,2018-01-11,08:20:16,Breakfast,NS,"[('Coffee', 4), ('Eggs', 3), ('Cereal', 7)]",243.0,-37.807270200000005,144.9569093,1,8.135,6.5244967
299,ORDA06609,2018-11-22,18:49:00,Dinner,BK,"[('Pasta', 9), ('Salmon', 10), ('Fish&Chips', 2), ('Shrimp', 7)]",1105.5,-37.8213625,144.94906569999998,0,9.199,15.8860173
300,ORDI06284,2018-03-27,10:42:15,Breakfast,NS,"[('Cereal', 6), ('Eggs', 10), ('Coffee', 3), ('Pancake', 10)]",611.0,-37.8087203,144.97313490000002,0,7.186,12.0694244
301,ORDB07205,2018-03-14,10:21:58,Breakfast,TP,"[('Eggs', 3), ('Cereal', 6), ('Coffee', 8)]",252.0,-37.8194959,144.9848817,0,9.288,11.7564721
302,ORDB00459,2018-07-06,14:05:04,Lunch,TP,"[('Steak', 9), ('Burger', 6), ('Fries', 1), ('Salad', 6), ('Chicken', 6)]",898.2,-37.8108507,144.9982309,0,10.835,13.3273967
303,ORDI00504,2018-10-08,17:17:44,Dinner,NS,"[('Fish&Chips', 10), ('Pasta', 6), ('Shrimp', 4), ('Salmon', 9)]",1100.0,-37.8117249,144.9563218,0,8.117,14.3876391
304,ORDK05426,2018-01-07,08:10:08,Breakfast,BK,"[('Pancake', 7), ('Eggs', 9), ('Coffee', 10), ('Cereal', 9)]",631.75,-37.805423,144.953791,1,8.282,8.057790400000002
305,ORDB00972,2018-07-12,14:15:12,Lunch,TP,"[('Burger', 3), ('Fries', 8)]",189.0,-37.8190572,145.0038094,0,10.929,13.8550313
306,ORDC04010,2018-01-05,08:00:00,Breakfast,NS,"[('Cereal', 4), ('Pancake', 8), ('Coffee', 9), ('Eggs', 10)]",565.5,-37.8124175,144.9369108,1,10.138,7.068889599999999
307,ORDK03832,2018-06-14,13:24:30,Lunch,BK,"[('Chicken', 2), ('Steak', 10), ('Burger', 1), ('Salad', 6), ('Fries', 5)]",708.2,-37.800119099999996,144.9677289,0,7.883,14.0065247
308,ORDJ08628,2018-11-15,18:28:43,Dinner,TP,"[('Shrimp', 9), ('Pasta', 6), ('Salmon', 3), ('Fish&Chips', 10)]",1124.0,-37.833333,144.99146509999997,0,9.937,13.9070621
309,ORDX06889,2018-02-20,09:31:16,Breakfast,BK,"[('Cereal', 7), ('Coffee', 9), ('Pancake', 9)]",432.75,-37.808570200000005,144.9486614,0,8.898,13.661542
310,ORDZ08047,2018-12-01,18:59:09,Dinner,NS,"[('Fish&Chips', 4), ('Pasta', 3)]",222.5,-37.815093299999994,144.96559219999997,0,8.118,16.068398199999997
311,ORDY09139,2018-08-30,15:56:37,Lunch,TP,"[('Burger', 10), ('Steak', 10), ('Salad', 1), ('Fries', 3), ('Chicken', 2)]",877.2,-37.808179700000004,144.9759102,0,9.228,12.167825599999999
312,ORDJ01458,2018-02-12,09:21:07,Breakfast,TP,"[('Coffee', 5), ('Cereal', 6), ('Pancake', 5)]",284.75,-37.8140165,144.97161719999997,0,8.446,11.150172999999999
313,ORDK09387,2018-04-18,11:32:57,Breakfast,BK,"[('Eggs', 5), ('Coffee', 6), ('Cereal', 10)]",365.0,-37.815253000000006,144.97480090000002,0,6.717,12.284996699999999
314,ORDZ09455,2018-08-26,15:46:28,Lunch,NS,"[('Steak', 4), ('Chicken', 9), ('Salad', 2)]",502.4,-37.8122826,144.9384914,0,10.343,18.170886300000003
315,ORDJ06755,2018-07-14,14:25:21,Lunch,TP,"[('Salad', 9), ('Fries', 3), ('Chicken', 9)]",478.8,-37.8168075,145.00735930000002,0,11.446,15.7731332
316,ORDX02410,2018-04-25,11:43:05,Breakfast,BK,"[('Cereal', 9), ('Pancake', 1)]",213.25,-37.81874620000001,144.9532504,0,8.812,14.035173499999999
317,ORDB10794,2018-05-07,12:03:22,Lunch,TP,"[('Salad', 5), ('Burger', 10), ('Steak', 5), ('Fries', 9)]",729.0,-37.8157766,144.99506019999998,0,10.361,13.9254804
318,ORDJ01121,2018-08-15,15:26:11,Lunch,TP,"[('Chicken', 8), ('Steak', 10)]",706.0,-37.8078958,144.9768239,0,9.327,12.8021806
319,ORDY05877,2018-08-08,15:16:03,Lunch,TP,"[('Burger', 6), ('Fries', 2), ('Steak', 8), ('Chicken', 1)]",602.0,-37.8105115,144.95485459999998,0,8.906,12.15274
320,ORDC08192,2018-08-31,15:56:37,Lunch,NS,"[('Fries', 5), ('Steak', 7), ('Salad', 8)]",512.6,-37.805393,144.9576625,0,7.819,13.640924300000002
321,ORDA02068,2018-11-10,18:18:35,Dinner,BK,"[('Salmon', 9), ('Fish&Chips', 6)]",579.0,-37.8162374,144.9677926,0,7.384,16.4073171
322,ORDB10169,2018-06-20,13:34:38,Lunch,TP,"[('Fries', 5), ('Steak', 10), ('Salad', 2), ('Burger', 7), ('Chicken', 2)]",825.4,-37.804191499999995,144.9492157,0,9.826,13.3958022
323,ORDZ05737,2018-12-07,19:19:26,Dinner,NS,"[('Shrimp', 9), ('Pasta', 8), ('Salmon', 2), ('Fish&Chips', 4)]",928.0,-37.8122878,144.9710567,0,7.522,13.579638000000001
324,ORDB00294,2018-03-09,10:11:49,Breakfast,TP,"[('Eggs', 7), ('Coffee', 2)]",169.0,-37.814162700000004,144.9776608,0,8.806,11.725333500000001
325,ORDI10672,2018-10-09,17:17:44,Dinner,NS,"[('Shrimp', 3), ('Pasta', 6), ('Salmon', 5)]",532.0,-37.810947999999996,144.96283259999998,0,7.693,13.500005300000002
326,ORDZ09599,2018-04-25,11:43:05,Breakfast,NS,"[('Cereal', 2), ('Coffee', 4), ('Pancake', 7), ('Eggs', 8)]",417.75,-37.8190685,144.9528387,0,9.292,14.5239934
327,ORDY04717,2018-08-03,15:05:54,Lunch,TP,"[('Chicken', 9), ('Steak', 7)]",603.0,-37.8203435,144.9740351,0,7.821,11.4793515
328,ORDJ01481,2018-03-02,10:01:41,Breakfast,TP,"[('Coffee', 1), ('Eggs', 8)]",183.5,-37.818191600000006,144.99226519999996,0,9.941,12.294733
329,ORDI07834,2018-09-18,16:37:10,Dinner,NS,"[('Shrimp', 2), ('Pasta', 8)]",328.0,-37.8096183,145.0008213,0,9.484,15.7357048
330,ORDZ01898,2018-05-24,12:43:56,Lunch,NS,"[('Steak', 1), ('Salad', 8), ('Fries', 6), ('Chicken', 9)]",542.6,-37.825603,144.95138669999997,0,10.18,15.6367406
331,ORDY10829,2018-05-25,12:43:56,Lunch,TP,"[('Burger', 7), ('Fries', 3), ('Chicken', 7), ('Steak', 1), ('Salad', 1)]",539.2,-37.8249901,144.9496767,0,8.653,12.2312621
332,ORDI05948,2018-01-04,08:00:00,Breakfast,NS,"[('Coffee', 3), ('Pancake', 1)]",46.75,-37.821023,144.947451,1,9.825,7.600196799999999
333,ORDK07244,2018-10-20,17:38:01,Dinner,BK,"[('Salmon', 8), ('Fish&Chips', 8)]",608.0,-37.8103934,144.96426619999997,0,7.442,16.959158
334,ORDJ00853,2018-08-25,15:46:28,Lunch,TP,"[('Salad', 1), ('Fries', 6), ('Steak', 9), ('Burger', 1)]",525.2,-37.8092158,144.9372023,0,10.531,15.104674900000001
335,ORDA06338,2018-12-16,19:29:34,Dinner,BK,"[('Shrimp', 7), ('Pasta', 8), ('Fish&Chips', 8)]",878.0,-37.810076200000005,144.9960042,0,4.488,13.609257699999999
336,ORDY01503,2018-09-02,16:06:45,Dinner,TP,"[('Fish&Chips', 1), ('Salmon', 3)]",158.0,-37.8136525,144.9370198,0,10.426,15.9000326
337,ORDY08022,2018-05-07,12:03:22,Lunch,TP,"[('Burger', 6), ('Fries', 7), ('Chicken', 9)]",558.0,-37.8144221,144.96135800000002,0,8.36,11.9751002
338,ORDJ08605,2018-03-04,10:01:41,Breakfast,TP,"[('Cereal', 3), ('Coffee', 6), ('Pancake', 2), ('Eggs', 6)]",288.5,-37.8212189,144.9561678,0,8.118,12.3837957
339,ORDK10706,2018-08-06,15:05:54,Lunch,BK,"[('Chicken', 2), ('Salad', 4), ('Burger', 2)]",194.8,-37.815099100000005,144.9692554,0,7.29,12.7764323
340,ORDJ02614,2018-01-04,08:00:00,Breakfast,TP,"[('Eggs', 9), ('Pancake', 5), ('Cereal', 9), ('Coffee', 4)]",538.25,-37.8185848,145.0053358,1,11.101,6.6675179
341,ORDY07085,2018-05-25,12:43:56,Lunch,TP,"[('Burger', 3), ('Chicken', 3), ('Salad', 8), ('Steak', 6)]",596.6,-37.8017477,145.01116090000002,0,12.573,15.3832649
342,ORDC03931,2018-12-08,19:19:26,Dinner,NS,"[('Salmon', 2), ('Fish&Chips', 9)]",397.0,-37.8149824,144.94848480000002,0,9.399,17.457331
343,ORDY03940,2018-05-12,12:13:31,Lunch,TP,"[('Fries', 7), ('Salad', 3), ('Steak', 4), ('Chicken', 9), ('Burger', 2)]",665.6,-37.80166079999999,144.9623741,0,9.576,13.749777100000001
344,ORDC00259,2018-01-09,08:10:08,Breakfast,NS,"[('Coffee', 6), ('Cereal', 9)]",234.0,-37.8042041,144.9815666,1,7.382,6.7708835999999994
345,ORDB02321,2018-12-22,19:49:51,Dinner,TP,"[('Pasta', 9), ('Fish&Chips', 2), ('Shrimp', 7), ('Salmon', 5)]",900.5,-37.8193807,144.941667,0,9.701,15.482937900000001
346,ORDY00723,2018-09-20,16:37:10,Dinner,TP,"[('Salmon', 4), ('Shrimp', 8), ('Pasta', 4)]",706.0,-37.8241111,145.0125402,0,11.63,14.990596599999998
347,ORDK02313,2018-12-19,19:39:43,Dinner,BK,"[('Fish&Chips', 7), ('Salmon', 6)]",491.0,-37.8239891,144.9846665,0,6.68,13.2073775
348,ORDJ04678,2018-01-20,08:30:25,Breakfast,TP,"[('Coffee', 8), ('Cereal', 7), ('Eggs', 8)]",383.0,-37.804917100000004,144.97559280000002,0,9.648,14.1697921
349,ORDK02182,2018-04-26,11:43:05,Breakfast,BK,"[('Pancake', 2), ('Cereal', 8)]",216.5,-37.818585299999995,144.9671835,0,7.553,12.2972265
350,ORDY06304,2018-09-06,16:16:54,Dinner,TP,"[('Pasta', 6), ('Fish&Chips', 7), ('Shrimp', 1)]",464.0,-37.7994507,144.99412009999998,0,11.48,15.0588672
351,ORDI00986,2018-11-02,18:08:27,Dinner,NS,"[('Pasta', 10), ('Salmon', 9), ('Fish&Chips', 6), ('Shrimp', 7)]",1232.0,-37.80181470000001,144.9572168,0,7.467,12.6292777
352,ORDA04770,2018-07-02,14:05:04,Lunch,BK,"[('Steak', 3), ('Fries', 1)]",147.0,-37.8078704,144.94106530000002,0,10.375,16.6320047
353,ORDZ05995,2018-09-16,16:27:02,Dinner,NS,"[('Pasta', 5), ('Salmon', 10)]",547.5,-37.8041735,144.96436609999998,0,6.956,15.3559298
354,ORDI08935,2018-08-09,15:16:03,Lunch,NS,"[('Salad', 8), ('Fries', 5)]",197.6,-37.8156128,144.9878879,0,8.957,14.354634400000002
355,ORDY04903,2018-02-17,09:31:16,Breakfast,TP,"[('Pancake', 8), ('Coffee', 5), ('Eggs', 6)]",363.5,-37.8094362,144.9630427,0,8.687,12.768402400000001
356,ORDI07450,2018-12-29,20:00:00,Dinner,NS,"[('Shrimp', 6), ('Pasta', 6), ('Fish&Chips', 2)]",559.0,-37.8157225,144.9372172,0,10.046,18.0336991
357,ORDK10656,2018-02-01,09:00:50,Breakfast,BK,"[('Cereal', 9), ('Pancake', 4), ('Coffee', 2), ('Eggs', 6)]",433.0,-37.820361600000005,144.979064,0,7.181,11.7220756
358,ORDX05834,2018-04-17,11:32:57,Breakfast,BK,"[('Eggs', 6), ('Coffee', 8)]",192.0,-37.8044144,144.9421387,0,9.312,14.252646799999999
359,ORDJ02342,2018-04-15,11:22:49,Breakfast,TP,"[('Pancake', 6), ('Eggs', 6), ('Coffee', 6)]",322.5,-37.8068473,144.9837274,0,9.95,13.8053017
360,ORDK07841,2018-05-14,12:23:39,Lunch,BK,"[('Steak', 1), ('Burger', 6)]",231.0,-37.8177602,144.9788454,0,6.764,12.3723763
361,ORDZ05436,2018-12-08,19:19:26,Dinner,NS,"[('Shrimp', 2), ('Salmon', 7), ('Fish&Chips', 5), ('Pasta', 9)]",817.5,-37.81262329999999,144.947191,0,10.071,17.8513232
362,ORDY06728,2018-05-14,12:23:39,Lunch,TP,"[('Fries', 10), ('Steak', 4), ('Salad', 1), ('Burger', 1), ('Chicken', 8)]",604.2,-37.805829700000004,144.95608159999998,0,9.28,12.308279400000002
363,ORDY03775,2018-12-03,19:09:17,Dinner,TP,"[('Salmon', 9), ('Fish&Chips', 2), ('Shrimp', 3)]",601.0,-37.8175175,144.95917680000002,0,7.952,12.3715033
364,ORDC09756,2018-01-14,08:20:16,Breakfast,NS,"[('Coffee', 6), ('Eggs', 6), ('Cereal', 8)]",345.0,-37.8025402,144.9456377,1,8.585,7.105002799999999
365,ORDC07124,2018-02-23,09:41:24,Breakfast,NS,"[('Eggs', 4), ('Cereal', 6)]",214.0,-37.8197896,144.9425883,0,9.914,15.247566699999998
366,ORDI01480,2018-05-07,12:13:31,Lunch,NS,"[('Steak', 4), ('Salad', 3), ('Fries', 7), ('Burger', 1)]",346.6,-37.8190391,144.9467214,0,9.613,15.0891302
367,ORDB10463,2018-03-27,10:42:15,Breakfast,TP,"[('Eggs', 4), ('Coffee', 7)]",140.5,-37.8077239,144.9733423,0,9.268,12.0347031
368,ORDA06941,2018-10-18,17:38:01,Dinner,BK,"[('Fish&Chips', 9), ('Pasta', 4)]",425.0,-37.8032848,144.9512167,0,8.577,15.4287288
369,ORDX08648,2018-11-19,18:38:52,Dinner,BK,"[('Salmon', 3), ('Pasta', 5), ('Shrimp', 9), ('Fish&Chips', 3)]",851.5,-37.8178766,145.0085414,0,3.998,10.7617539
370,ORDY09824,2018-04-09,11:12:40,Breakfast,TP,"[('Coffee', 9), ('Pancake', 6), ('Cereal', 9), ('Eggs', 9)]",600.0,-37.8041339,144.9564001,0,9.391,12.2577054
371,ORDI08310,2018-03-19,10:32:06,Breakfast,NS,"[('Pancake', 2), ('Eggs', 8), ('Cereal', 8)]",392.5,-37.812106899999996,144.9575321,0,8.28,13.806899300000001
372,ORDZ07769,2018-04-11,11:12:40,Breakfast,NS,"[('Cereal', 2), ('Coffee', 1)]",49.5,-37.799203999999996,144.981084,0,7.244,12.4840654
373,ORDC08827,2018-09-23,16:47:19,Dinner,NS,"[('Salmon', 3), ('Fish&Chips', 4)]",263.0,-37.8091448,144.9489121,0,8.875,16.6851677
374,ORDI10224,2018-11-17,18:38:52,Dinner,NS,"[('Fish&Chips', 8), ('Shrimp', 5), ('Pasta', 8), ('Salmon', 10)]",1180.0,-37.798829100000006,144.96928830000002,0,6.366,14.4772671
375,ORDX06310,2018-07-14,14:25:21,Lunch,BK,"[('Salad', 1), ('Steak', 4), ('Chicken', 10)]",517.2,-37.8177751,145.0079809,0,4.042,12.039340600000001
376,ORDI01199,2018-06-13,13:24:30,Lunch,NS,"[('Steak', 5), ('Fries', 4), ('Chicken', 4)]",401.0,-37.799896399999994,144.9289558,0,9.986,15.8313592
377,ORDY02887,2018-09-26,16:57:27,Dinner,TP,"[('Fish&Chips', 3), ('Salmon', 8), ('Shrimp', 1), ('Pasta', 1)]",514.5,-37.816725,144.9990208,0,10.616,14.542109400000001
378,ORDB04726,2018-10-13,17:27:53,Dinner,TP,"[('Salmon', 10), ('Shrimp', 8), ('Fish&Chips', 6)]",1052.0,-37.80556370000001,144.9419322,0,10.371,16.167688599999998
379,ORDB02835,2018-04-19,11:32:57,Breakfast,TP,"[('Coffee', 7), ('Pancake', 6), ('Cereal', 5)]",303.0,-37.8160032,144.9724791,0,8.21,11.1567241
380,ORDZ09360,2018-09-28,16:57:27,Dinner,NS,"[('Shrimp', 2), ('Pasta', 2)]",163.0,-37.8093011,144.9494765,0,8.721,15.181025
381,ORDC02459,2018-04-27,11:43:05,Breakfast,NS,"[('Cereal', 7), ('Pancake', 7), ('Coffee', 6)]",361.75,-37.8125305,145.00452880000003,0,10.014,15.1770509
382,ORDJ10608,2018-03-22,10:32:06,Breakfast,TP,"[('Eggs', 8), ('Cereal', 5), ('Coffee', 6)]",326.0,-37.8059472,144.94731330000002,0,9.843,12.2437987
383,ORDZ09032,2018-07-27,14:45:38,Lunch,NS,"[('Burger', 10), ('Chicken', 9), ('Salad', 7)]",718.4,-37.8256656,144.9800894,0,9.203,14.293800899999999
384,ORDZ10714,2018-04-05,11:02:32,Breakfast,NS,"[('Cereal', 7), ('Coffee', 5), ('Pancake', 6)]",330.0,-37.8178098,144.95166609999998,0,9.155,14.695936300000001
385,ORDC07696,2018-03-21,10:32:06,Breakfast,NS,"[('Coffee', 7), ('Pancake', 2)]",101.0,-37.812988399999995,144.95961200000002,0,8.065,12.8716349
386,ORDZ03337,2018-07-25,14:45:38,Lunch,NS,"[('Fries', 5), ('Burger', 7)]",277.0,-37.8093427,144.95529530000002,0,8.159,14.053127400000001
387,ORDB04522,2018-01-01,08:00:00,Breakfast,TP,"[('Coffee', 7), ('Cereal', 3)]",115.5,-37.80522070000001,144.95217319999998,1,9.557,6.265307
388,ORDI02304,2018-03-11,10:11:49,Breakfast,NS,"[('Cereal', 6), ('Eggs', 8), ('Coffee', 9)]",369.5,-37.81047589999999,144.9669605,0,7.371,14.452602300000002
389,ORDI08492,2018-02-19,09:31:16,Breakfast,NS,"[('Cereal', 2), ('Coffee', 5), ('Eggs', 5)]",189.5,-37.807231200000004,144.95592659999997,0,8.085,13.121757
390,ORDK06350,2018-08-20,15:36:20,Lunch,BK,"[('Burger', 10), ('Salad', 6)]",413.2,-37.80368970000001,144.9549765,0,8.236,13.481828899999998
391,ORDK09520,2018-07-08,14:15:12,Lunch,BK,"[('Burger', 6), ('Chicken', 3)]",282.0,-37.807717499999995,145.013897,0,4.031,12.7913772
392,ORDI08932,2018-02-09,09:10:59,Breakfast,NS,"[('Pancake', 1), ('Eggs', 9), ('Cereal', 10), ('Coffee', 6)]",477.25,-37.813458399999995,144.96824850000002,0,7.717,12.6563164
393,ORDZ04957,2018-07-09,14:15:12,Lunch,NS,"[('Burger', 2), ('Chicken', 5)]",222.0,-37.813887799999996,144.940334,0,9.584,15.322805599999999
394,ORDK02485,2018-05-06,12:03:22,Lunch,BK,"[('Fries', 8), ('Salad', 9)]",250.8,-37.7989577,144.98425459999999,0,6.554,14.229822899999998
395,ORDI08416,2018-01-22,08:40:33,Breakfast,NS,"[('Eggs', 10), ('Cereal', 7)]",367.0,-37.8214251,144.9540041,0,9.518,14.617610899999999
396,ORDC09786,2018-03-20,10:32:06,Breakfast,NS,"[('Cereal', 7), ('Eggs', 3), ('Pancake', 1)]",237.25,-37.8095602,144.95748759999998,0,7.941,13.088610300000001
397,ORDJ07898,2018-07-18,14:35:29,Lunch,TP,"[('Steak', 1), ('Burger', 6)]",231.0,-37.804941799999995,144.96627819999998,0,9.314,12.454725199999999
398,ORDX09616,2018-11-01,18:08:27,Dinner,BK,"[('Fish&Chips', 8), ('Salmon', 10), ('Shrimp', 7), ('Pasta', 7)]",1260.5,-37.8252059,144.9818541,0,7.131,13.8098866
399,ORDA07907,2018-05-03,12:03:22,Lunch,BK,"[('Steak', 10), ('Fries', 7), ('Burger', 6), ('Salad', 9)]",874.8,-37.8134213,144.96025840000001,0,7.947,14.3613867
400,ORDB03678,2018-08-28,15:56:37,Lunch,TP,"[('Steak', 4), ('Fries', 10), ('Salad', 3), ('Chicken', 8), ('Burger', 10)]",917.6,-37.8135271,144.9490879,0,10.156,13.635418900000001
401,ORDJ04030,2018-12-12,19:29:34,Dinner,TP,"[('Shrimp', 5), ('Salmon', 2)]",352.0,-37.8209552,144.9569539,0,8.042,12.4446648
402,ORDC09767,2018-11-23,18:49:00,Dinner,NS,"[('Fish&Chips', 1), ('Pasta', 9)]",282.5,-37.8195048,144.9424987,0,9.888,15.6662543
403,ORDC02025,2018-02-26,09:51:32,Breakfast,NS,"[('Eggs', 3), ('Pancake', 10), ('Cereal', 7)]",455.5,-37.8054523,145.0005859,0,9.136,14.1050777
404,ORDA08817,2018-07-25,14:45:38,Lunch,BK,"[('Fries', 4), ('Burger', 3), ('Salad', 5), ('Steak', 3), ('Chicken', 9)]",650.0,-37.8117766,144.9564575,0,8.083,13.6844951
405,ORDX02810,2018-12-23,19:49:51,Dinner,BK,"[('Fish&Chips', 6), ('Pasta', 5), ('Shrimp', 10), ('Salmon', 7)]",1174.5,-37.8090669,144.9552079,0,8.278,17.2228117
406,ORDJ09680,2018-09-26,16:47:19,Dinner,TP,"[('Salmon', 2), ('Pasta', 1), ('Shrimp', 10), ('Fish&Chips', 2)]",719.5,-37.8156652,144.9740386,0,8.359,12.6747189
407,ORDI00684,2018-09-07,16:16:54,Dinner,NS,"[('Fish&Chips', 4), ('Salmon', 4), ('Shrimp', 6), ('Pasta', 7)]",820.5,-37.8204535,144.9769006,0,8.88,15.2756117
408,ORDC00373,2018-12-08,19:19:26,Dinner,NS,"[('Pasta', 6), ('Fish&Chips', 8), ('Shrimp', 5), ('Salmon', 3)]",838.0,-37.8208592,144.94811909999999,0,9.767,17.6428512
409,ORDZ04908,2018-01-24,08:40:33,Breakfast,NS,"[('Pancake', 1), ('Eggs', 8), ('Cereal', 4)]",284.25,-37.827409100000004,145.013615,0,11.775,16.800923100000002
410,ORDK05132,2018-01-28,08:50:42,Breakfast,BK,"[('Pancake', 8), ('Eggs', 3), ('Cereal', 4), ('Coffee', 7)]",396.5,-37.8169685,144.961547,0,7.998,15.132098800000001
411,ORDZ05758,2018-06-15,13:24:30,Lunch,NS,"[('Steak', 6), ('Salad', 6), ('Burger', 6), ('Fries', 5), ('Chicken', 8)]",875.2,-37.8154751,144.9665885,0,8.081,13.628793400000001
412,ORDX03873,2018-03-28,10:52:23,Breakfast,BK,"[('Cereal', 5), ('Eggs', 3), ('Coffee', 5), ('Pancake', 1)]",232.75,-37.8097134,144.9879612,0,5.211,9.169604300000001
413,ORDB07017,2018-07-04,14:05:04,Lunch,TP,"[('Fries', 7), ('Burger', 7)]",301.0,-37.8033228,144.9650493,0,9.465,13.010324
414,ORDC05364,2018-10-24,17:48:10,Dinner,NS,"[('Fish&Chips', 7), ('Shrimp', 5)]",515.0,-37.8204759,144.96644519999998,0,8.844,14.772504699999999
415,ORDZ03824,2018-02-03,09:00:50,Breakfast,NS,"[('Cereal', 3), ('Eggs', 7), ('Pancake', 5), ('Coffee', 1)]",345.75,-37.818502,144.9952042,0,9.741,16.5225458
416,ORDI09603,2018-05-05,12:03:22,Lunch,NS,"[('Fries', 2), ('Salad', 8), ('Burger', 8), ('Chicken', 2)]",473.6,-37.8196857,144.99443019999998,0,9.821,17.233506100000003
417,ORDK01537,2018-09-21,16:47:19,Dinner,BK,"[('Shrimp', 3), ('Fish&Chips', 9)]",477.0,-37.8201576,144.9582571,0,8.286,15.2117453
418,ORDA04839,2018-02-19,09:31:16,Breakfast,BK,"[('Eggs', 2), ('Coffee', 6), ('Cereal', 1)]",110.0,-37.8065742,144.9456498,0,9.101,14.218986
419,ORDK09787,2018-09-21,16:47:19,Dinner,BK,"[('Salmon', 3), ('Shrimp', 9), ('Fish&Chips', 4), ('Pasta', 6)]",914.0,-37.8203203,144.95772580000002,0,8.339,15.692183600000002
420,ORDB10462,2018-04-06,11:02:32,Breakfast,TP,"[('Pancake', 6), ('Cereal', 1)]",166.5,-37.8035042,144.9498163,0,9.915,12.643591
421,ORDY11014,2018-10-22,17:48:10,Dinner,TP,"[('Shrimp', 8), ('Pasta', 1)]",459.5,-37.8117319,145.00781569999998,0,11.693,15.4342562
422,ORDA04834,2018-10-09,17:17:44,Dinner,BK,"[('Shrimp', 7), ('Pasta', 9), ('Salmon', 8), ('Fish&Chips', 8)]",1233.5,-37.806771000000005,144.97341459999998,0,6.632,13.202961199999999
423,ORDC07627,2018-03-10,10:11:49,Breakfast,NS,"[('Eggs', 6), ('Pancake', 7), ('Coffee', 9)]",369.25,-37.816727,144.9642958,0,8.338,15.496542499999999
424,ORDA10771,2018-05-30,12:54:05,Lunch,BK,"[('Salad', 5), ('Chicken', 10)]",406.0,-37.821883,144.9555575,0,8.66,15.093855300000001
425,ORDZ05435,2018-04-14,11:22:49,Breakfast,NS,"[('Pancake', 3), ('Coffee', 7), ('Eggs', 2)]",169.25,-37.8057185,144.9449095,0,8.927,15.8237125
426,ORDX06399,2018-04-24,11:43:05,Breakfast,BK,"[('Coffee', 8), ('Pancake', 8)]",254.0,-37.8125487,144.9569572,0,8.163,12.854937699999999
427,ORDI08434,2018-10-19,17:38:01,Dinner,NS,"[('Shrimp', 10), ('Salmon', 3)]",663.0,-37.8129622,144.9907104,0,8.951,14.7808378
428,ORDA04282,2018-06-25,13:44:47,Lunch,BK,"[('Salad', 10), ('Burger', 7), ('Steak', 10), ('Chicken', 3), ('Fries', 6)]",1007.0,-37.8241714,144.9839647,0,6.926,12.5915338
429,ORDB07359,2018-04-12,11:12:40,Breakfast,TP,"[('Cereal', 7), ('Eggs', 10), ('Coffee', 1)]",374.5,-37.8138309,144.96154840000003,0,8.279,10.8339918
430,ORDI02205,2018-07-01,13:54:55,Lunch,NS,"[('Chicken', 1), ('Burger', 5), ('Salad', 4)]",255.8,-37.81347720000001,144.9409691,0,9.511,17.1306297
431,ORDY05445,2018-03-01,09:51:32,Breakfast,TP,"[('Coffee', 9), ('Cereal', 3), ('Pancake', 6), ('Eggs', 5)]",386.0,-37.8157201,144.9505242,0,9.776,12.2121462
432,ORDK10860,2018-05-31,12:54:05,Lunch,BK,"[('Salad', 2), ('Steak', 10), ('Burger', 6), ('Chicken', 2)]",734.4,-37.7936094,144.9736686,0,8.149,14.042129500000001
433,ORDZ08084,2018-03-28,10:52:23,Breakfast,NS,"[('Eggs', 9), ('Coffee', 1), ('Cereal', 7), ('Pancake', 1)]",376.75,-37.8243704,144.98757980000002,0,9.568,14.8160367
434,ORDK02738,2018-12-12,19:29:34,Dinner,BK,"[('Shrimp', 9), ('Fish&Chips', 9), ('Salmon', 5)]",1006.0,-37.817749600000006,144.97469719999998,0,7.154,14.343024
435,ORDA02896,2018-11-05,18:08:27,Dinner,BK,"[('Salmon', 10), ('Pasta', 9), ('Shrimp', 4), ('Fish&Chips', 6)]",1083.5,-37.8164402,144.9633924,0,7.824,14.4461845
436,ORDK08378,2018-10-10,17:17:44,Dinner,BK,"[('Pasta', 5), ('Salmon', 8), ('Fish&Chips', 3)]",570.5,-37.8125065,144.95326310000002,0,8.489,15.320584
437,ORDI02124,2018-12-23,19:49:51,Dinner,NS,"[('Shrimp', 5), ('Salmon', 10), ('Fish&Chips', 4), ('Pasta', 8)]",1040.0,-37.8194991,145.0042315,0,10.552,18.563658399999998
438,ORDI04660,2018-09-16,16:27:02,Dinner,NS,"[('Pasta', 2), ('Fish&Chips', 7), ('Salmon', 3), ('Shrimp', 5)]",693.0,-37.8034692,144.9642581,0,6.898,14.9661747
439,ORDX07270,2018-01-14,08:20:16,Breakfast,BK,"[('Coffee', 3), ('Cereal', 6)]",148.5,-37.8067215,144.9629607,1,7.431,7.0725511
440,ORDJ00060,2018-08-03,15:05:54,Lunch,TP,"[('Steak', 8), ('Fries', 5), ('Burger', 9), ('Chicken', 1), ('Salad', 9)]",885.8,-37.8144877,144.98809730000002,0,9.736,13.2777557
441,ORDB02387,2018-10-05,17:07:36,Dinner,TP,"[('Pasta', 2), ('Shrimp', 6)]",379.0,-37.8141096,144.96765630000002,0,8.223,12.3530302
442,ORDA07796,2018-01-10,08:10:08,Breakfast,BK,"[('Cereal', 3), ('Pancake', 7)]",232.75,-37.801967499999996,144.9540731,1,8.417,6.871149000000001
443,ORDC09305,2018-05-16,12:23:39,Lunch,NS,"[('Salad', 1), ('Fries', 2)]",41.2,-37.809039,144.9719353,0,7.283,12.8363311
444,ORDC09001,2018-07-02,14:05:04,Lunch,NS,"[('Salad', 5), ('Chicken', 1), ('Steak', 1), ('Fries', 9)]",271.0,-37.8114136,144.96480659999997,0,7.594,12.9979841
445,ORDC10630,2018-02-07,09:10:59,Breakfast,NS,"[('Cereal', 8), ('Coffee', 5), ('Eggs', 1)]",227.5,-37.816804,144.9506582,0,9.62,14.716619099999999
446,ORDK00524,2018-07-08,14:15:12,Lunch,BK,"[('Fries', 6), ('Salad', 1)]",89.2,-37.80844570000001,144.9767849,0,6.213,14.457831299999999
447,ORDB02409,2018-08-20,15:36:20,Lunch,TP,"[('Chicken', 9), ('Burger', 1)]",319.0,-37.8036009,144.95499109999997,0,9.553,12.9277149
448,ORDK10728,2018-01-29,08:50:42,Breakfast,BK,"[('Eggs', 2), ('Cereal', 9), ('Coffee', 4)]",263.0,-37.800783100000004,144.9670003,0,7.746,12.383178599999999
449,ORDJ08222,2018-04-14,11:22:49,Breakfast,TP,"[('Coffee', 3), ('Cereal', 10), ('Pancake', 6)]",378.0,-37.817663,144.9911581,0,9.806,13.879225199999999
450,ORDB10898,2018-11-29,18:59:09,Dinner,TP,"[('Salmon', 6), ('Fish&Chips', 6)]",456.0,-37.809274200000004,144.9575938,0,8.929,13.167459099999999
451,ORDJ09047,2018-09-16,16:37:10,Dinner,TP,"[('Pasta', 4), ('Salmon', 5), ('Fish&Chips', 10)]",665.0,-37.814103499999995,144.9736357,0,8.541,14.223622800000001
452,ORDY05192,2018-06-13,13:24:30,Lunch,TP,"[('Burger', 3), ('Chicken', 8), ('Steak', 3), ('Fries', 6)]",556.0,-37.8253994,144.9507166,0,8.546,12.0273011
453,ORDB04015,2018-09-03,16:06:45,Dinner,TP,"[('Fish&Chips', 9), ('Shrimp', 6), ('Pasta', 9), ('Salmon', 1)]",927.5,-37.811539700000004,144.9720273,0,8.815,12.709277
454,ORDI04767,2018-05-07,12:13:31,Lunch,NS,"[('Salad', 3), ('Burger', 8), ('Fries', 1), ('Steak', 7), ('Chicken', 1)]",658.6,-37.804204399999996,144.9714721,0,7.008,12.202680699999998
455,ORDA03179,2018-11-06,18:08:27,Dinner,BK,"[('Pasta', 8), ('Salmon', 5), ('Shrimp', 6), ('Fish&Chips', 3)]",854.0,-37.815278799999994,144.9636282,0,7.766,14.926887699999998
456,ORDJ00694,2018-06-11,13:14:21,Lunch,TP,"[('Fries', 8), ('Chicken', 6), ('Salad', 7)]",408.4,-37.8138929,144.9592399,0,8.459,12.398390199999998
457,ORDY00749,2018-08-11,15:16:03,Lunch,TP,"[('Steak', 2), ('Fries', 9)]",198.0,-37.8090287,144.9426335,0,9.974,14.891072
458,ORDB01219,2018-03-25,10:42:15,Breakfast,TP,"[('Cereal', 10), ('Coffee', 10), ('Pancake', 2)]",333.5,-37.8012314,144.97413419999998,0,10.002,13.2720486
